{
    "RMSE_loss": {
        "train": 100.13182067871094,
        "validation": 147.48622131347656,
        "test": 141.56686401367188
    },
    "R_squared": {
        "train": 0.16319173574447632,
        "validation": 0.1703820824623108,
        "test": 0.28248268365859985
    },
    "inference_latency": 6.389617919921875e-06,
    "training_duration": 1.62469482421875
}