{
    "RMSE_loss": {
        "train": 99.73445129394531,
        "validation": 119.20012664794922,
        "test": 81.59040832519531
    },
    "R_squared": {
        "train": 0.41618311405181885,
        "validation": 0.33306896686553955,
        "test": 0.319490909576416
    },
    "inference_latency": 6.21795654296875e-06,
    "training_duration": 1.14058518409729
}