{
    "RMSE_loss": {
        "train": 97.79651641845703,
        "validation": 107.04609680175781,
        "test": 108.30976104736328
    },
    "R_squared": {
        "train": 0.4022914171218872,
        "validation": 0.2518575191497803,
        "test": 0.44231367111206055
    },
    "inference_latency": 6.341934204101563e-06,
    "training_duration": 1.6996290683746338
}