{
    "RMSE_loss": {
        "train": 104.10926055908203,
        "validation": 88.755615234375,
        "test": 92.05967712402344
    },
    "R_squared": {
        "train": 0.3733910322189331,
        "validation": 0.42303353548049927,
        "test": 0.4835268259048462
    },
    "inference_latency": 6.46829605102539e-06,
    "training_duration": 1.137228012084961
}