{
    "RMSE_loss": {
        "train": 99.00598907470703,
        "validation": 95.95079803466797,
        "test": 100.20103454589844
    },
    "R_squared": {
        "train": 0.434051822204631,
        "validation": 0.4190720668258415,
        "test": 0.30266167071633987
    },
    "inference_latency": 0.0002907109260559082,
    "training_duration": 32.37154960632324
}