{
    "RMSE_loss": {
        "train": 94.87633514404297,
        "validation": 92.9579849243164,
        "test": 108.03640747070312
    },
    "R_squared": {
        "train": 0.49180322885513306,
        "validation": 0.08428329229354858,
        "test": 0.38001757860183716
    },
    "inference_latency": 7.197856903076172e-06,
    "training_duration": 4.982825040817261
}