{
    "RMSE_loss": {
        "train": 106.25608825683594,
        "validation": 75.93175506591797,
        "test": 98.37297058105469
    },
    "R_squared": {
        "train": 0.42346668243408203,
        "validation": -0.03023087978363037,
        "test": 0.27141451835632324
    },
    "inference_latency": 8.950233459472656e-06,
    "training_duration": 2.4307138919830322
}