{
    "RMSE_loss": {
        "train": 207.06884765625,
        "validation": 186.663818359375,
        "test": 184.51695251464844
    },
    "R_squared": {
        "train": -1.342590093612671,
        "validation": -1.6004691123962402,
        "test": -1.8043618202209473
    },
    "inference_latency": 5.710124969482422e-06,
    "training_duration": 0.9782872200012207
}