{
    "RMSE_loss": {
        "train": 205.78477478027344,
        "validation": 185.4578857421875,
        "test": 183.11436462402344
    },
    "R_squared": {
        "train": -1.3136265277862549,
        "validation": -1.5669772624969482,
        "test": -1.761889934539795
    },
    "inference_latency": 5.970001220703125e-06,
    "training_duration": 0.9231460094451904
}