{
    "RMSE_loss": {
        "train": 175.5504913330078,
        "validation": 157.64328002929688,
        "test": 152.6859893798828
    },
    "R_squared": {
        "train": -0.683724045753479,
        "validation": -0.8547370433807373,
        "test": -0.9202595949172974
    },
    "inference_latency": 6.0009956359863285e-06,
    "training_duration": 1.1735491752624512
}