{
    "RMSE_loss": {
        "train": 209.9405059814453,
        "validation": 147.10699462890625,
        "test": 189.02874755859375
    },
    "R_squared": {
        "train": -1.2506563663482666,
        "validation": -2.866823673248291,
        "test": -1.6902008056640625
    },
    "inference_latency": 8.978843688964843e-06,
    "training_duration": 1.6107330322265625
}