{
    "RMSE_loss": {
        "train": 771.6204833984375,
        "validation": 769.9491577148438,
        "test": 770.0908203125
    },
    "R_squared": {
        "train": -33.4153938293457,
        "validation": -33.16632843017578,
        "test": -41.186370849609375
    },
    "inference_latency": 8.020401000976563e-06,
    "training_duration": 0.6639888286590576
}