{
    "RMSE_loss": {
        "train": 106.75739288330078,
        "validation": 119.41697692871094,
        "test": 107.22494506835938
    },
    "R_squared": {
        "train": 0.3412187695503235,
        "validation": 0.17812401056289673,
        "test": 0.18213826417922974
    },
    "inference_latency": 8.347034454345703e-06,
    "training_duration": 0.7775747776031494
}