{
    "RMSE_loss": {
        "train": 97.34562683105469,
        "validation": 110.84774017333984,
        "test": 109.7281494140625
    },
    "R_squared": {
        "train": 0.4097517132759094,
        "validation": 0.3330053687095642,
        "test": 0.30185824632644653
    },
    "inference_latency": 6.341934204101563e-06,
    "training_duration": 2.0645320415496826
}