{
    "RMSE_loss": {
        "train": 212.1190948486328,
        "validation": 148.62339782714844,
        "test": 191.23886108398438
    },
    "R_squared": {
        "train": -1.297609567642212,
        "validation": -2.9469540119171143,
        "test": -1.7534759044647217
    },
    "inference_latency": 9.238719940185547e-06,
    "training_duration": 3.0374231338500977
}