{
    "RMSE_loss": {
        "train": 92.42100524902344,
        "validation": 123.41046142578125,
        "test": 96.52426147460938
    },
    "R_squared": {
        "train": 0.44158124923706055,
        "validation": 0.4339524507522583,
        "test": 0.2583608627319336
    },
    "inference_latency": 6.556510925292969e-06,
    "training_duration": 1.1421751976013184
}