{
    "RMSE_loss": {
        "train": 204.47776794433594,
        "validation": 184.2025909423828,
        "test": 181.771240234375
    },
    "R_squared": {
        "train": -1.2843308448791504,
        "validation": -1.5323448181152344,
        "test": -1.7215220928192139
    },
    "inference_latency": 5.393028259277344e-06,
    "training_duration": 0.9812769889831543
}