{
    "RMSE_loss": {
        "train": 211.85177612304688,
        "validation": 148.42652893066406,
        "test": 191.08773803710938
    },
    "R_squared": {
        "train": -1.2918221950531006,
        "validation": -2.936504602432251,
        "test": -1.7491257190704346
    },
    "inference_latency": 9.6893310546875e-06,
    "training_duration": 3.6029551029205322
}