{
    "RMSE_loss": {
        "train": 210.70181274414062,
        "validation": 148.02223205566406,
        "test": 189.91685485839844
    },
    "R_squared": {
        "train": -1.2670092582702637,
        "validation": -2.915088653564453,
        "test": -1.715538740158081
    },
    "inference_latency": 8.819103240966797e-06,
    "training_duration": 1.645146131515503
}