{
    "RMSE_loss": {
        "train": 207.20895385742188,
        "validation": 186.8271026611328,
        "test": 184.6463165283203
    },
    "R_squared": {
        "train": -1.3457612991333008,
        "validation": -1.605020523071289,
        "test": -1.808295488357544
    },
    "inference_latency": 5.807876586914062e-06,
    "training_duration": 1.002723217010498
}