{
    "RMSE_loss": {
        "train": 110.33362579345703,
        "validation": 164.72555541992188,
        "test": 174.24212646484375
    },
    "R_squared": {
        "train": -0.016008853912353516,
        "validation": -0.0348973274230957,
        "test": -0.08696460723876953
    },
    "inference_latency": 6.999969482421875e-06,
    "training_duration": 1.643172025680542
}