{
    "RMSE_loss": {
        "train": 159.10305786132812,
        "validation": 112.00958251953125,
        "test": 140.0101318359375
    },
    "R_squared": {
        "train": -0.29262852668762207,
        "validation": -1.2418062686920166,
        "test": -0.47586917877197266
    },
    "inference_latency": 1.3539791107177734e-05,
    "training_duration": 2.7661218643188477
}