{
    "RMSE_loss": {
        "train": 206.0476837158203,
        "validation": 185.68267822265625,
        "test": 183.44009399414062
    },
    "R_squared": {
        "train": -1.3195421695709229,
        "validation": -1.5732040405273438,
        "test": -1.7717244625091553
    },
    "inference_latency": 6.139278411865234e-06,
    "training_duration": 1.410804033279419
}