{
    "RMSE_loss": {
        "train": 99.82109832763672,
        "validation": 111.07311248779297,
        "test": 96.1874008178711
    },
    "R_squared": {
        "train": 0.4556083083152771,
        "validation": 0.07923400402069092,
        "test": 0.23792463541030884
    },
    "inference_latency": 5.748271942138672e-06,
    "training_duration": 0.8700509071350098
}