{
    "validation_accuracy": 0.35172413793103446,
    "precision": 0.3061732259988074,
    "recall": 0.3117706148871123,
    "f1_score": 0.27418107597330754
}