{
    "Train": {
        "accuracy": 0.3931034482758621,
        "precision": 0.42089160839160833,
        "recall": 0.3756963402420859,
        "f1": 0.3493481276441816
    },
    "Validation": {
        "accuracy": 0.3448275862068966,
        "precision": 0.3139975785265185,
        "recall": 0.30867788429514853,
        "f1_score": 0.2795573011086419
    },
    "Test": {
        "accuracy": 0.321285140562249,
        "precision": 0.33620273038622467,
        "recall": 0.3033862433862434,
        "f1": 0.27460648238921526
    }
}