{
    "validation_accuracy": 0.3448275862068966,
    "precision": 0.3139975785265185,
    "recall": 0.30867788429514853,
    "f1_score": 0.2795573011086419
}