{
    "validation_accuracy": 0.32068965517241377,
    "precision": 0.3236635065925684,
    "recall": 0.29982991383396085,
    "f1_score": 0.29381014141076056
}