{
    "accuracy": {
        "train": 0.3931034482758621,
        "validation": 0.3448275862068966,
        "test": 0.321285140562249
    },
    "precision": {
        "train": 0.42089160839160833,
        "validation": 0.3139975785265185,
        "test": 0.33620273038622467
    },
    "recall": {
        "train": 0.3756963402420859,
        "validation": 0.30867788429514853,
        "test": 0.3033862433862434
    },
    "f1_score": {
        "train": 0.3493481276441816,
        "validation": 0.2795573011086419,
        "test": 0.27460648238921526
    }
}