{
    "RMSE_loss": {
        "train": 175.475830078125,
        "validation": 157.19911193847656,
        "test": 151.61341857910156
    },
    "R_squared": {
        "train": -0.6822922229766846,
        "validation": -0.8443001508712769,
        "test": -0.8933758735656738
    },
    "inference_latency": 6.3991546630859375e-06,
    "training_duration": 1.2007787227630615
}