{
    "RMSE_loss": {
        "train": 206.22952270507812,
        "validation": 185.83778381347656,
        "test": 183.6180419921875
    },
    "R_squared": {
        "train": -1.3236377239227295,
        "validation": -1.5775048732757568,
        "test": -1.777104377746582
    },
    "inference_latency": 5.431175231933594e-06,
    "training_duration": 1.017833948135376
}