{
    "RMSE_loss": {
        "train": 99.08984375,
        "validation": 103.22187805175781,
        "test": 99.30448150634766
    },
    "R_squared": {
        "train": 0.4560346007347107,
        "validation": -0.06809830665588379,
        "test": 0.4129568338394165
    },
    "inference_latency": 6.406307220458985e-06,
    "training_duration": 1.6899528503417969
}