{
    "RMSE_loss": {
        "train": 168.93881225585938,
        "validation": 209.31991577148438,
        "test": 162.31280517578125
    },
    "R_squared": {
        "train": -0.8550010919570923,
        "validation": -0.6910178661346436,
        "test": -1.0189576148986816
    },
    "inference_latency": 6.580352783203125e-06,
    "training_duration": 1.1301960945129395
}