{
    "RMSE_loss": {
        "train": 100.86270141601562,
        "validation": 100.88530731201172,
        "test": 100.81942749023438
    },
    "R_squared": {
        "train": 0.4126256992911176,
        "validation": 0.3577842931701327,
        "test": 0.2940278793414053
    },
    "inference_latency": 0.00021298885345458985,
    "training_duration": 32.210349798202515
}