{
    "RMSE_loss": {
        "train": 205.89154052734375,
        "validation": 185.5940704345703,
        "test": 183.2545623779297
    },
    "R_squared": {
        "train": -1.3160278797149658,
        "validation": -1.5707488059997559,
        "test": -1.7661206722259521
    },
    "inference_latency": 5.419254302978516e-06,
    "training_duration": 0.9189581871032715
}