{
    "RMSE_loss": {
        "train": 211.65328979492188,
        "validation": 148.41641235351562,
        "test": 190.8545684814453
    },
    "R_squared": {
        "train": -1.287529706954956,
        "validation": -2.9359681606292725,
        "test": -1.7424209117889404
    },
    "inference_latency": 8.771419525146484e-06,
    "training_duration": 1.635045051574707
}