{
    "RMSE_loss": {
        "train": 206.97325134277344,
        "validation": 186.59902954101562,
        "test": 184.3934783935547
    },
    "R_squared": {
        "train": -1.340428113937378,
        "validation": -1.5986642837524414,
        "test": -1.800609827041626
    },
    "inference_latency": 6.189346313476563e-06,
    "training_duration": 1.181778907775879
}