{
    "RMSE_loss": {
        "train": 92.85345458984375,
        "validation": 96.09197998046875,
        "test": 110.71414947509766
    },
    "R_squared": {
        "train": 0.5132429599761963,
        "validation": 0.02149718999862671,
        "test": 0.3489035367965698
    },
    "inference_latency": 7.1692466735839844e-06,
    "training_duration": 5.375072002410889
}