{
    "RMSE_loss": {
        "train": 205.90005493164062,
        "validation": 185.5188446044922,
        "test": 183.1939239501953
    },
    "R_squared": {
        "train": -1.3162195682525635,
        "validation": -1.5686650276184082,
        "test": -1.7642905712127686
    },
    "inference_latency": 6.799697875976562e-06,
    "training_duration": 1.3972227573394775
}