{
    "RMSE_loss": {
        "train": 94.01649475097656,
        "validation": 129.42433166503906,
        "test": 94.18489074707031
    },
    "R_squared": {
        "train": 0.42213451862335205,
        "validation": 0.37744057178497314,
        "test": 0.2938741445541382
    },
    "inference_latency": 6.411075592041016e-06,
    "training_duration": 1.1395490169525146
}