{
    "RMSE_loss": {
        "train": 207.136962890625,
        "validation": 186.73924255371094,
        "test": 184.58285522460938
    },
    "R_squared": {
        "train": -1.3441314697265625,
        "validation": -1.6025712490081787,
        "test": -1.8063654899597168
    },
    "inference_latency": 5.860328674316406e-06,
    "training_duration": 1.0214331150054932
}