{
    "RMSE_loss": {
        "train": 209.42520141601562,
        "validation": 146.82179260253906,
        "test": 188.6363525390625
    },
    "R_squared": {
        "train": -1.2396214008331299,
        "validation": -2.8518450260162354,
        "test": -1.6790432929992676
    },
    "inference_latency": 8.571147918701173e-06,
    "training_duration": 2.5738251209259033
}