{
    "RMSE_loss": {
        "train": 205.3159942626953,
        "validation": 184.9855499267578,
        "test": 182.6307373046875
    },
    "R_squared": {
        "train": -1.3030979633331299,
        "validation": -1.5539186000823975,
        "test": -1.7473204135894775
    },
    "inference_latency": 5.328655242919922e-06,
    "training_duration": 1.0060837268829346
}