{
    "RMSE_loss": {
        "train": 97.7219009399414,
        "validation": 104.79483795166016,
        "test": 91.5268783569336
    },
    "R_squared": {
        "train": 0.4782642126083374,
        "validation": 0.1803826093673706,
        "test": 0.3099845051765442
    },
    "inference_latency": 6.270408630371094e-06,
    "training_duration": 1.200148105621338
}