{
    "RMSE_loss": {
        "train": 105.99502563476562,
        "validation": 92.34480285644531,
        "test": 99.33968353271484
    },
    "R_squared": {
        "train": 0.35048550367355347,
        "validation": 0.37542611360549927,
        "test": 0.3986125588417053
    },
    "inference_latency": 6.411075592041016e-06,
    "training_duration": 1.151353120803833
}