{
    "RMSE_loss": {
        "train": 88.13958740234375,
        "validation": 102.99866485595703,
        "test": 108.62073516845703
    },
    "R_squared": {
        "train": 0.5222744821732704,
        "validation": 0.2799876432009544,
        "test": 0.41204511909745256
    },
    "inference_latency": 3.503084182739258e-05,
    "training_duration": 27.601238489151
}