{
    "RMSE_loss": {
        "train": 75.5372314453125,
        "validation": 118.28756713867188,
        "test": 118.43777465820312
    },
    "R_squared": {
        "train": 0.6134079744621357,
        "validation": 0.14136752433263533,
        "test": 0.4468191669541477
    },
    "inference_latency": 0.0,
    "training_duration": 42.07100486755371
}