{
    "RMSE_loss": {
        "train": 84.86146545410156,
        "validation": 145.84603881835938,
        "test": 127.97784423828125
    },
    "R_squared": {
        "train": 0.4039774537086487,
        "validation": 0.3296242952346802,
        "test": 0.22051310539245605
    },
    "inference_latency": 7.112026214599609e-06,
    "training_duration": 2.7099738121032715
}