{
    "RMSE_loss": {
        "train": 158.28085327148438,
        "validation": 173.65765380859375,
        "test": 173.67176818847656
    },
    "R_squared": {
        "train": -0.6327955722808838,
        "validation": -0.8180228471755981,
        "test": -0.330599308013916
    },
    "inference_latency": 7.259845733642578e-06,
    "training_duration": 1.42659592628479
}