{
    "RMSE_loss": {
        "train": 85.6220932006836,
        "validation": 113.93407440185547,
        "test": 111.46443939208984
    },
    "R_squared": {
        "train": 0.535423755645752,
        "validation": 0.4171451926231384,
        "test": 0.17846423387527466
    },
    "inference_latency": 6.909370422363281e-06,
    "training_duration": 10.207006931304932
}