{
    "RMSE_loss": {
        "train": 195.26365661621094,
        "validation": 203.848388671875,
        "test": 205.2122344970703
    },
    "R_squared": {
        "train": -1.4849514961242676,
        "validation": -1.505105972290039,
        "test": -0.8577848672866821
    },
    "inference_latency": 8.878707885742188e-06,
    "training_duration": 1.6846330165863037
}