{
    "Accuracy": {
        "train": 0.8982758620689655,
        "validation": 0.8306451612903226,
        "test": 0.712
    },
    "training_duration": 0.3851001262664795
}