{
    "RMSE_loss": {
        "train": 205.9363555908203,
        "validation": 185.55523681640625,
        "test": 183.33299255371094
    },
    "R_squared": {
        "train": -1.3170363903045654,
        "validation": -1.5696728229522705,
        "test": -1.7684886455535889
    },
    "inference_latency": 6.020069122314453e-06,
    "training_duration": 1.3607978820800781
}