{
    "RMSE_loss": {
        "train": 206.97564697265625,
        "validation": 186.56822204589844,
        "test": 184.4200439453125
    },
    "R_squared": {
        "train": -1.3404817581176758,
        "validation": -1.5978059768676758,
        "test": -1.8014171123504639
    },
    "inference_latency": 6.101131439208984e-06,
    "training_duration": 0.926414966583252
}