{
    "RMSE_loss": {
        "train": 197.4306182861328,
        "validation": 178.0482635498047,
        "test": 174.80535888671875
    },
    "R_squared": {
        "train": -1.1295888423919678,
        "validation": -1.3659570217132568,
        "test": -1.5169293880462646
    },
    "inference_latency": 6.248950958251953e-06,
    "training_duration": 1.0934760570526123
}