{
    "RMSE_loss": {
        "train": 207.08013916015625,
        "validation": 186.68934631347656,
        "test": 184.50823974609375
    },
    "R_squared": {
        "train": -1.3428456783294678,
        "validation": -1.6011803150177002,
        "test": -1.8040974140167236
    },
    "inference_latency": 5.750656127929688e-06,
    "training_duration": 1.1375291347503662
}