{
    "RMSE_loss": {
        "train": 86.1739501953125,
        "validation": 115.03889465332031,
        "test": 120.81268310546875
    },
    "R_squared": {
        "train": 0.4968669678977222,
        "validation": 0.1878831759779982,
        "test": 0.4244121030545146
    },
    "inference_latency": 8.013248443603516e-05,
    "training_duration": 17.25216841697693
}