{
    "RMSE_loss": {
        "train": 207.30715942382812,
        "validation": 186.9248504638672,
        "test": 184.7654571533203
    },
    "R_squared": {
        "train": -1.3479855060577393,
        "validation": -1.6077470779418945,
        "test": -1.8119206428527832
    },
    "inference_latency": 6.239414215087891e-06,
    "training_duration": 1.4230856895446777
}