{
    "RMSE_loss": {
        "train": 167.82411193847656,
        "validation": 174.92999267578125,
        "test": 185.9480438232422
    },
    "R_squared": {
        "train": -0.8217169046401978,
        "validation": -0.8934712409973145,
        "test": -0.5256940126419067
    },
    "inference_latency": 6.573200225830078e-06,
    "training_duration": 1.099329948425293
}