{
    "RMSE_loss": {
        "train": 179.17225646972656,
        "validation": 189.97096252441406,
        "test": 191.59754943847656
    },
    "R_squared": {
        "train": -1.0922644138336182,
        "validation": -1.1756343841552734,
        "test": -0.6194546222686768
    },
    "inference_latency": 7.488727569580078e-06,
    "training_duration": 1.479780912399292
}