{
    "RMSE_loss": {
        "train": 99.4858627319336,
        "validation": 91.49906921386719,
        "test": 100.69896697998047
    },
    "R_squared": {
        "train": 0.46436607837677,
        "validation": 0.07715821266174316,
        "test": 0.35179489850997925
    },
    "inference_latency": 6.508827209472656e-06,
    "training_duration": 1.1911048889160156
}