{
    "RMSE_loss": {
        "train": 206.28952026367188,
        "validation": 185.83363342285156,
        "test": 183.6984100341797
    },
    "R_squared": {
        "train": -1.3249900341033936,
        "validation": -1.5773892402648926,
        "test": -1.7795360088348389
    },
    "inference_latency": 5.36203384399414e-06,
    "training_duration": 0.9841890335083008
}