{
    "RMSE_loss": {
        "train": 205.9371337890625,
        "validation": 185.55796813964844,
        "test": 183.35995483398438
    },
    "R_squared": {
        "train": -1.3170535564422607,
        "validation": -1.5697486400604248,
        "test": -1.7693030834197998
    },
    "inference_latency": 6.058216094970703e-06,
    "training_duration": 0.9433863162994385
}