{
    "RMSE_loss": {
        "train": 177.71823120117188,
        "validation": 169.88038635253906,
        "test": 169.18484497070312
    },
    "R_squared": {
        "train": -0.7417031526565552,
        "validation": -1.1295461654663086,
        "test": -1.2236049175262451
    },
    "inference_latency": 6.358623504638672e-06,
    "training_duration": 1.1156837940216064
}