{
    "RMSE_loss": {
        "train": 100.28329467773438,
        "validation": 98.17794036865234,
        "test": 102.51500701904297
    },
    "R_squared": {
        "train": 0.4193546919832498,
        "validation": 0.3917909367728164,
        "test": 0.2700821166494277
    },
    "inference_latency": 0.0003007960319519043,
    "training_duration": 32.44044375419617
}