{
    "RMSE_loss": {
        "train": 87.04119110107422,
        "validation": 113.92987060546875,
        "test": 98.33904266357422
    },
    "R_squared": {
        "train": 0.5747740449369865,
        "validation": 0.29020591958399355,
        "test": -0.0014890827398692519
    },
    "inference_latency": 5.687475204467774e-05,
    "training_duration": 43.97371864318848
}