{
    "RMSE_loss": {
        "train": 100.36735534667969,
        "validation": 116.24857330322266,
        "test": 97.00407409667969
    },
    "R_squared": {
        "train": 0.44963371753692627,
        "validation": -0.008571386337280273,
        "test": 0.22492897510528564
    },
    "inference_latency": 6.3300132751464845e-06,
    "training_duration": 1.239833116531372
}