{
    "RMSE_loss": {
        "train": 205.77268981933594,
        "validation": 185.41409301757812,
        "test": 183.19544982910156
    },
    "R_squared": {
        "train": -1.3133552074432373,
        "validation": -1.565765142440796,
        "test": -1.7643365859985352
    },
    "inference_latency": 5.650520324707031e-06,
    "training_duration": 1.0377957820892334
}