{
    "RMSE_loss": {
        "train": 196.3212127685547,
        "validation": 204.6925811767578,
        "test": 206.05747985839844
    },
    "R_squared": {
        "train": -1.5119411945343018,
        "validation": -1.525897741317749,
        "test": -0.8731203079223633
    },
    "inference_latency": 7.090568542480468e-06,
    "training_duration": 1.5412981510162354
}