{
    "RMSE_loss": {
        "train": 205.64169311523438,
        "validation": 185.3174591064453,
        "test": 182.99838256835938
    },
    "R_squared": {
        "train": -1.3104102611541748,
        "validation": -1.5630912780761719,
        "test": -1.758392095565796
    },
    "inference_latency": 5.908012390136719e-06,
    "training_duration": 0.9717838764190674
}