{
    "RMSE_loss": {
        "train": 211.70762634277344,
        "validation": 148.31224060058594,
        "test": 190.88650512695312
    },
    "R_squared": {
        "train": -1.2887046337127686,
        "validation": -2.9304451942443848,
        "test": -1.7433388233184814
    },
    "inference_latency": 1.5249252319335938e-05,
    "training_duration": 3.5720739364624023
}