{
    "RMSE_loss": {
        "train": 206.5166015625,
        "validation": 186.20944213867188,
        "test": 183.88771057128906
    },
    "R_squared": {
        "train": -1.3301117420196533,
        "validation": -1.5878243446350098,
        "test": -1.7852678298950195
    },
    "inference_latency": 5.860328674316406e-06,
    "training_duration": 0.9257290363311768
}