{
    "RMSE_loss": {
        "train": 78.17257690429688,
        "validation": 130.7718963623047,
        "test": 122.11408233642578
    },
    "R_squared": {
        "train": 0.4999339174231122,
        "validation": 0.41963247015916516,
        "test": 0.36787649182343973
    },
    "inference_latency": 0.0,
    "training_duration": 20.50627088546753
}