{
    "RMSE_loss": {
        "train": 162.6216583251953,
        "validation": 203.66738891601562,
        "test": 155.43870544433594
    },
    "R_squared": {
        "train": -0.718866229057312,
        "validation": -0.600921630859375,
        "test": -0.851569414138794
    },
    "inference_latency": 6.5827369689941405e-06,
    "training_duration": 1.116945743560791
}