{
    "RMSE_loss": {
        "train": 205.7715301513672,
        "validation": 185.43133544921875,
        "test": 183.1533203125
    },
    "R_squared": {
        "train": -1.313328742980957,
        "validation": -1.5662422180175781,
        "test": -1.7630653381347656
    },
    "inference_latency": 5.698204040527343e-06,
    "training_duration": 1.0233640670776367
}