{
    "RMSE_loss": {
        "train": 202.9088897705078,
        "validation": 195.69097900390625,
        "test": 192.5728302001953
    },
    "R_squared": {
        "train": -1.2704522609710693,
        "validation": -1.8258049488067627,
        "test": -1.8808770179748535
    },
    "inference_latency": 6.229877471923828e-06,
    "training_duration": 1.188066005706787
}