{
    "RMSE_loss": {
        "train": 80.852294921875,
        "validation": 90.02021026611328,
        "test": 111.06233978271484
    },
    "R_squared": {
        "train": 0.6167809367179871,
        "validation": 0.40352773666381836,
        "test": 0.30460870265960693
    },
    "inference_latency": 6.50644302368164e-06,
    "training_duration": 26.22276496887207
}