{
    "RMSE_loss": {
        "train": 211.1669158935547,
        "validation": 147.8175048828125,
        "test": 190.37802124023438
    },
    "R_squared": {
        "train": -1.2770287990570068,
        "validation": -2.904266595840454,
        "test": -1.7287425994873047
    },
    "inference_latency": 9.338855743408204e-06,
    "training_duration": 1.5434627532958984
}