{
    "RMSE_loss": {
        "train": 104.43563079833984,
        "validation": 89.65328979492188,
        "test": 107.43448638916016
    },
    "R_squared": {
        "train": 0.4097409248352051,
        "validation": 0.11401516199111938,
        "test": 0.2621809244155884
    },
    "inference_latency": 6.809234619140625e-06,
    "training_duration": 1.2292211055755615
}