{
    "RMSE_loss": {
        "train": 197.69717407226562,
        "validation": 178.0764617919922,
        "test": 173.9574737548828
    },
    "R_squared": {
        "train": -1.135343074798584,
        "validation": -1.3667066097259521,
        "test": -1.49257230758667
    },
    "inference_latency": 6.239414215087891e-06,
    "training_duration": 1.0918948650360107
}