{
    "RMSE_loss": {
        "train": 84.97472381591797,
        "validation": 142.29188537597656,
        "test": 134.93824768066406
    },
    "R_squared": {
        "train": 0.4091215713541845,
        "validation": 0.31287675532992254,
        "test": 0.2281365439589873
    },
    "inference_latency": 6.41942024230957e-05,
    "training_duration": 17.8098361492157
}