{
    "RMSE_loss": {
        "train": 207.07122802734375,
        "validation": 186.66957092285156,
        "test": 184.50442504882812
    },
    "R_squared": {
        "train": -1.3426439762115479,
        "validation": -1.6006293296813965,
        "test": -1.8039813041687012
    },
    "inference_latency": 5.655288696289062e-06,
    "training_duration": 1.2042670249938965
}