{
    "RMSE_loss": {
        "train": 204.29847717285156,
        "validation": 184.1796417236328,
        "test": 181.52359008789062
    },
    "R_squared": {
        "train": -1.2803266048431396,
        "validation": -1.5317142009735107,
        "test": -1.714111566543579
    },
    "inference_latency": 6.580352783203125e-06,
    "training_duration": 1.4013359546661377
}