{
    "RMSE_loss": {
        "train": 175.08473205566406,
        "validation": 182.18104553222656,
        "test": 192.20333862304688
    },
    "R_squared": {
        "train": -0.9827535152435303,
        "validation": -1.0536980628967285,
        "test": -0.630069375038147
    },
    "inference_latency": 6.368160247802735e-06,
    "training_duration": 1.1000232696533203
}