{
    "RMSE_loss": {
        "train": 195.5621337890625,
        "validation": 232.22439575195312,
        "test": 180.8353271484375
    },
    "R_squared": {
        "train": -1.5002772808074951,
        "validation": -1.0043089389801025,
        "test": -1.603071689605713
    },
    "inference_latency": 5.939006805419922e-06,
    "training_duration": 1.0733287334442139
}