{
    "RMSE_loss": {
        "train": 206.09519958496094,
        "validation": 185.75965881347656,
        "test": 183.538818359375
    },
    "R_squared": {
        "train": -1.3206121921539307,
        "validation": -1.5753381252288818,
        "test": -1.7747087478637695
    },
    "inference_latency": 6.0009956359863285e-06,
    "training_duration": 0.9783308506011963
}