{
    "RMSE_loss": {
        "train": 198.5155029296875,
        "validation": 178.38784790039062,
        "test": 175.5251007080078
    },
    "R_squared": {
        "train": -1.15305757522583,
        "validation": -1.374990701675415,
        "test": -1.53769850730896
    },
    "inference_latency": 6.158351898193359e-06,
    "training_duration": 1.0554981231689453
}