{
    "RMSE_loss": {
        "train": 207.0924835205078,
        "validation": 186.69883728027344,
        "test": 184.54901123046875
    },
    "R_squared": {
        "train": -1.3431251049041748,
        "validation": -1.6014444828033447,
        "test": -1.8053367137908936
    },
    "inference_latency": 5.810260772705078e-06,
    "training_duration": 1.0261151790618896
}