{
    "RMSE_loss": {
        "train": 170.67579650878906,
        "validation": 151.52467346191406,
        "test": 166.9449462890625
    },
    "R_squared": {
        "train": -0.684076189994812,
        "validation": -0.6816112995147705,
        "test": -0.6984603404998779
    },
    "inference_latency": 6.198883056640625e-06,
    "training_duration": 1.1053290367126465
}