{
    "RMSE_loss": {
        "train": 101.60675811767578,
        "validation": 111.23365020751953,
        "test": 92.69271087646484
    },
    "R_squared": {
        "train": 0.4359573721885681,
        "validation": 0.07657039165496826,
        "test": 0.29229432344436646
    },
    "inference_latency": 6.051063537597656e-06,
    "training_duration": 1.2823989391326904
}