{
    "RMSE_loss": {
        "train": 199.91036987304688,
        "validation": 194.6632843017578,
        "test": 167.9420166015625
    },
    "R_squared": {
        "train": -1.2071940898895264,
        "validation": -1.249394416809082,
        "test": -1.9397492408752441
    },
    "inference_latency": 7.46011734008789e-06,
    "training_duration": 1.6838021278381348
}