{
    "Train": {
        "RMSE": 0.006007798732833917,
        "R2": 0.9999666912511358,
        "MSE": 3.6093645614240815e-05
    },
    "Test": {
        "RMSE": 0.01767690886147669,
        "R2": 0.9996504965128667,
        "MSE": 0.00031247310689695316
    },
    "Validation": {
        "RMSE": 0.04502933315351289,
        "R2": null,
        "MSE": null
    }
}