{
    "train_RMSE": 2.6138654018671168e-06,
    "test_RMSE": 0.00951868774568535,
    "validation_RMSE": 0.03846902574895674,
    "train_R2": 0.999999999993477,
    "test_R2": 0.9997978941304986,
    "validation_R2": null,
    "train_MSE": 6.832292339077944e-12,
    "test_MSE": 9.060541639986045e-05,
    "validation_MSE": null
}