{
    "train_RMSE": 0.006066704409363283,
    "test_RMSE": 0.009226718105687011,
    "validation_RMSE": 0.052511909956627766,
    "train_R2": 0.9999672756484173,
    "test_R2": 0.999849156043905,
    "validation_R2": null,
    "train_MSE": 3.6804902390587894e-05,
    "test_MSE": 8.513232700181252e-05,
    "validation_MSE": null
}