{
    "train_RMSE": 3.0107472492124172e-06,
    "test_RMSE": 0.013623925298787034,
    "validation_RMSE": 0.043927972136429995,
    "train_R2": 0.9999999999920622,
    "test_R2": 0.9997610683923274,
    "validation_R2": null,
    "train_MSE": 9.064598998640137e-12,
    "test_MSE": 0.00018561134054692938,
    "validation_MSE": null
}