{
    "Train": {
        "RMSE": 1.7649504535960247e-06,
        "R2": 0.9999999999967105,
        "MSE": 3.115050103648813e-12
    },
    "Test": {
        "RMSE": 0.1650185824730325,
        "R2": 0.9833532068468583,
        "MSE": 0.027231132561409032
    },
    "Validation": {
        "RMSE": 0.06411365689896233,
        "R2": null,
        "MSE": null
    }
}