{
    "train_RMSE": 1.4653390854181279e-05,
    "test_RMSE": 0.01830304950811427,
    "validation_RMSE": 0.04686305791311264,
    "train_R2": 0.9999999998066653,
    "test_R2": 0.9995714153344943,
    "validation_R2": null,
    "train_MSE": 2.1472186352540357e-10,
    "test_MSE": 0.00033500162129648206,
    "validation_MSE": null
}