{
    "train_RMSE": 2.7847603906211147e-05,
    "test_RMSE": 0.1096877224048125,
    "validation_RMSE": 0.10624034546794961,
    "train_R2": 0.9999999991417539,
    "test_R2": 0.9910723482075537,
    "validation_R2": null,
    "train_MSE": 7.754890433172264e-10,
    "test_MSE": 0.012031396446355206,
    "validation_MSE": null
}