{
    "validation_accuracy": 0.30689655172413793,
    "precision": 0.307687338501292,
    "recall": 0.31612168561430315,
    "f1_score": 0.30710863793854626
}