{
    "validation_accuracy": 0.296551724137931,
    "precision": 0.31404294181582915,
    "recall": 0.2974655641101272,
    "f1_score": 0.29862191582411207
}