{
    "Train": {
        "accuracy": 0.6620689655172414,
        "precision": 0.6758200361282554,
        "recall": 0.6627439542060019,
        "f1": 0.6600345660641251
    },
    "Validation": {
        "accuracy": 0.32413793103448274,
        "precision": 0.3416234414290214,
        "recall": 0.3201424650422707,
        "f1_score": 0.30725260880621724
    },
    "Test": {
        "accuracy": 0.27710843373493976,
        "precision": 0.2812463008309871,
        "recall": 0.2750396825396825,
        "f1": 0.2714562085836875
    }
}