{
    "validation_accuracy": 0.3310344827586207,
    "precision": 0.3170558608058608,
    "recall": 0.313467909077825,
    "f1_score": 0.30678716504778486
}