{
    "Train": {
        "accuracy": 0.6448275862068965,
        "precision": 0.6542071810836483,
        "recall": 0.6413058508339814,
        "f1": 0.6368074462833481
    },
    "Validation": {
        "accuracy": 0.3103448275862069,
        "precision": 0.3195006587194639,
        "recall": 0.3039414083356851,
        "f1_score": 0.30186418047452396
    },
    "Test": {
        "accuracy": 0.28112449799196787,
        "precision": 0.2882693732693733,
        "recall": 0.28746031746031747,
        "f1": 0.2760128081867212
    }
}