{
    "Train": {
        "accuracy": 0.7724137931034483,
        "precision": 0.7940806036298197,
        "recall": 0.778564438479566,
        "f1": 0.7701777431367643
    },
    "Validation": {
        "accuracy": 0.29310344827586204,
        "precision": 0.3126531517263224,
        "recall": 0.30604205952762453,
        "f1_score": 0.29361501484880265
    },
    "Test": {
        "accuracy": 0.21686746987951808,
        "precision": 0.23211879126354332,
        "recall": 0.21793650793650796,
        "f1": 0.2129123063096406
    }
}