{
    "accuracy": {
        "train": 0.6241379310344828,
        "validation": 0.32413793103448274,
        "test": 0.2971887550200803
    },
    "precision": {
        "train": 0.6219130804495712,
        "validation": 0.31451074732539264,
        "test": 0.2938781259753127
    },
    "recall": {
        "train": 0.6182380393173604,
        "validation": 0.31583399145588964,
        "test": 0.2994047619047619
    },
    "f1_score": {
        "train": 0.6185661883816014,
        "validation": 0.3099810895522875,
        "test": 0.29337199473114606
    }
}