{
    "validation_accuracy": 0.2827586206896552,
    "precision": 0.28996845921374226,
    "recall": 0.2877197273227231,
    "f1_score": 0.2839314031034384
}