{
    "validation_accuracy": 0.27586206896551724,
    "precision": 0.2866736801480109,
    "recall": 0.29104974572890513,
    "f1_score": 0.2775220202094871
}