{
    "validation_accuracy": 0.30689655172413793,
    "precision": 0.3280342599891472,
    "recall": 0.3075514097716631,
    "f1_score": 0.3060639154816123
}