{
    "RMSE_loss": {
        "train": 95.2330322265625,
        "validation": 94.88789367675781,
        "test": 108.23058319091797
    },
    "R_squared": {
        "train": 0.4879748225212097,
        "validation": 0.04586595296859741,
        "test": 0.37778693437576294
    },
    "inference_latency": 7.3504447937011715e-06,
    "training_duration": 4.40192985534668
}