{
    "RMSE_loss": {
        "train": 102.7060775756836,
        "validation": 84.75031280517578,
        "test": 85.69049835205078
    },
    "R_squared": {
        "train": 0.431499719619751,
        "validation": 0.5402499437332153,
        "test": 0.15881478786468506
    },
    "inference_latency": 7.190704345703125e-06,
    "training_duration": 2.7238099575042725
}