{
    "RMSE_loss": {
        "train": 209.26394653320312,
        "validation": 147.18402099609375,
        "test": 188.34884643554688
    },
    "R_squared": {
        "train": -1.2361736297607422,
        "validation": -2.8708739280700684,
        "test": -1.6708829402923584
    },
    "inference_latency": 1.3079643249511719e-05,
    "training_duration": 2.300119161605835
}