{
    "RMSE_loss": {
        "train": 169.9237823486328,
        "validation": 150.81329345703125,
        "test": 166.11927795410156
    },
    "R_squared": {
        "train": -0.6692683696746826,
        "validation": -0.6658587455749512,
        "test": -0.6817015409469604
    },
    "inference_latency": 6.4396858215332035e-06,
    "training_duration": 1.0746350288391113
}