{
    "RMSE_loss": {
        "train": 206.3118438720703,
        "validation": 200.8716583251953,
        "test": 172.59304809570312
    },
    "R_squared": {
        "train": -1.350813627243042,
        "validation": -1.3951618671417236,
        "test": -2.104832172393799
    },
    "inference_latency": 8.0108642578125e-06,
    "training_duration": 1.5098598003387451
}