{
    "RMSE_loss": {
        "train": 100.53003692626953,
        "validation": 91.109130859375,
        "test": 101.34132385253906
    },
    "R_squared": {
        "train": 0.453063428401947,
        "validation": 0.0850071907043457,
        "test": 0.34349870681762695
    },
    "inference_latency": 6.3991546630859375e-06,
    "training_duration": 1.2369160652160645
}