{
    "RMSE_loss": {
        "train": 95.23889923095703,
        "validation": 88.27019500732422,
        "test": 109.02174377441406
    },
    "R_squared": {
        "train": 0.48791176080703735,
        "validation": 0.17431211471557617,
        "test": 0.3686569929122925
    },
    "inference_latency": 6.2918663024902345e-06,
    "training_duration": 2.9783360958099365
}