{
    "RMSE_loss": {
        "train": 93.41297149658203,
        "validation": 127.50933837890625,
        "test": 94.60701751708984
    },
    "R_squared": {
        "train": 0.4295297861099243,
        "validation": 0.395727276802063,
        "test": 0.2875305414199829
    },
    "inference_latency": 6.442070007324219e-06,
    "training_duration": 1.107645034790039
}