{
    "RMSE_loss": {
        "train": 209.45553588867188,
        "validation": 147.42227172851562,
        "test": 188.74766540527344
    },
    "R_squared": {
        "train": -1.2402701377868652,
        "validation": -2.8834164142608643,
        "test": -1.6822059154510498
    },
    "inference_latency": 8.713960647583008e-05,
    "training_duration": 3.232323169708252
}