{
    "RMSE_loss": {
        "train": 107.87334442138672,
        "validation": 128.91087341308594,
        "test": 81.459228515625
    },
    "R_squared": {
        "train": 0.31700974702835083,
        "validation": 0.21997839212417603,
        "test": 0.32167738676071167
    },
    "inference_latency": 6.222724914550782e-06,
    "training_duration": 1.093991994857788
}