{
    "RMSE_loss": {
        "train": 112.84266662597656,
        "validation": 115.84090423583984,
        "test": 105.4886245727539
    },
    "R_squared": {
        "train": 0.30431365966796875,
        "validation": -0.0015099048614501953,
        "test": 0.08341479301452637
    },
    "inference_latency": 5.528926849365235e-06,
    "training_duration": 0.8675308227539062
}