{
    "RMSE_loss": {
        "train": 105.8893051147461,
        "validation": 126.06767272949219,
        "test": 86.13822937011719
    },
    "R_squared": {
        "train": 0.3419022560119629,
        "validation": 0.25400662422180176,
        "test": 0.24151402711868286
    },
    "inference_latency": 6.480216979980469e-06,
    "training_duration": 1.0850028991699219
}