{
    "RMSE_loss": {
        "train": 206.966064453125,
        "validation": 186.5643310546875,
        "test": 184.39410400390625
    },
    "R_squared": {
        "train": -1.3402652740478516,
        "validation": -1.5976979732513428,
        "test": -1.8006293773651123
    },
    "inference_latency": 6.229877471923828e-06,
    "training_duration": 1.4443230628967285
}