{
    "RMSE_loss": {
        "train": 98.9500503540039,
        "validation": 87.8709487915039,
        "test": 110.34673309326172
    },
    "R_squared": {
        "train": 0.4600641131401062,
        "validation": 0.4302409291267395,
        "test": 0.054081499576568604
    },
    "inference_latency": 6.1798095703125e-06,
    "training_duration": 1.1579132080078125
}