{
    "RMSE_loss": {
        "train": 208.70257568359375,
        "validation": 146.07452392578125,
        "test": 187.82115173339844
    },
    "R_squared": {
        "train": -1.2241923809051514,
        "validation": -2.8127357959747314,
        "test": -1.6559381484985352
    },
    "inference_latency": 7.309913635253906e-06,
    "training_duration": 1.716998815536499
}