{
    "RMSE_loss": {
        "train": 210.8411407470703,
        "validation": 147.46878051757812,
        "test": 189.8779754638672
    },
    "R_squared": {
        "train": -1.2700083255767822,
        "validation": -2.885866165161133,
        "test": -1.7144267559051514
    },
    "inference_latency": 1.2459754943847656e-05,
    "training_duration": 2.2327969074249268
}