{
    "RMSE_loss": {
        "train": 207.81321716308594,
        "validation": 146.60647583007812,
        "test": 187.4674072265625
    },
    "R_squared": {
        "train": -1.2052764892578125,
        "validation": -2.8405559062957764,
        "test": -1.6459431648254395
    },
    "inference_latency": 8.456707000732422e-06,
    "training_duration": 3.084529161453247
}