{
    "RMSE_loss": {
        "train": 95.91032409667969,
        "validation": 87.79850769042969,
        "test": 118.40999603271484
    },
    "R_squared": {
        "train": 0.40483176708221436,
        "validation": 0.227053701877594,
        "test": 0.5110214352607727
    },
    "inference_latency": 6.458759307861328e-06,
    "training_duration": 1.6984407901763916
}