{
    "RMSE_loss": {
        "train": 107.37721252441406,
        "validation": 124.52730560302734,
        "test": 104.21739196777344
    },
    "R_squared": {
        "train": 0.37007176876068115,
        "validation": -0.1573389768600464,
        "test": 0.10537314414978027
    },
    "inference_latency": 5.450248718261719e-06,
    "training_duration": 0.8460090160369873
}