{
    "RMSE_loss": {
        "train": 96.82225799560547,
        "validation": 89.34573364257812,
        "test": 108.64629364013672
    },
    "R_squared": {
        "train": 0.4830356240272522,
        "validation": 0.4109553098678589,
        "test": 0.08301007747650146
    },
    "inference_latency": 6.349086761474609e-06,
    "training_duration": 1.1828510761260986
}