{
    "RMSE_loss": {
        "train": 207.1020050048828,
        "validation": 186.70555114746094,
        "test": 184.53407287597656
    },
    "R_squared": {
        "train": -1.3433403968811035,
        "validation": -1.6016316413879395,
        "test": -1.804882526397705
    },
    "inference_latency": 5.788803100585938e-06,
    "training_duration": 0.9447238445281982
}