{
    "RMSE_loss": {
        "train": 206.0189208984375,
        "validation": 185.61837768554688,
        "test": 183.40682983398438
    },
    "R_squared": {
        "train": -1.3188941478729248,
        "validation": -1.5714221000671387,
        "test": -1.7707195281982422
    },
    "inference_latency": 5.700588226318359e-06,
    "training_duration": 0.9479589462280273
}