{
    "RMSE_loss": {
        "train": 84.9331283569336,
        "validation": 147.43289184570312,
        "test": 127.65253448486328
    },
    "R_squared": {
        "train": 0.40297043323516846,
        "validation": 0.3149570822715759,
        "test": 0.22447079420089722
    },
    "inference_latency": 7.131099700927734e-06,
    "training_duration": 2.7094850540161133
}