{
    "RMSE_loss": {
        "train": 88.31246185302734,
        "validation": 113.03469848632812,
        "test": 110.89739227294922
    },
    "R_squared": {
        "train": 0.5057698488235474,
        "validation": 0.42631077766418457,
        "test": 0.1868017315864563
    },
    "inference_latency": 1.6007423400878906e-05,
    "training_duration": 11.367365837097168
}