{
    "RMSE_loss": {
        "train": 99.09123229980469,
        "validation": 109.58895874023438,
        "test": 104.7511978149414
    },
    "R_squared": {
        "train": 0.3883931636810303,
        "validation": 0.34806811809539795,
        "test": 0.36375343799591064
    },
    "inference_latency": 6.098747253417968e-06,
    "training_duration": 1.1299140453338623
}