{
    "RMSE_loss": {
        "train": 98.3315658569336,
        "validation": 90.16888427734375,
        "test": 110.19100189208984
    },
    "R_squared": {
        "train": 0.4667927622795105,
        "validation": 0.400051474571228,
        "test": 0.056749582290649414
    },
    "inference_latency": 6.117820739746094e-06,
    "training_duration": 1.174894094467163
}