{
    "RMSE_loss": {
        "train": 106.14073944091797,
        "validation": 103.36681365966797,
        "test": 69.45069885253906
    },
    "R_squared": {
        "train": 0.3808048367500305,
        "validation": 0.3129656910896301,
        "test": 0.5333303213119507
    },
    "inference_latency": 7.050037384033203e-06,
    "training_duration": 1.6341590881347656
}