{
    "RMSE_loss": {
        "train": 205.1175079345703,
        "validation": 184.8188018798828,
        "test": 182.4840850830078
    },
    "R_squared": {
        "train": -1.2986466884613037,
        "validation": -1.54931640625,
        "test": -1.7429096698760986
    },
    "inference_latency": 6.051063537597656e-06,
    "training_duration": 1.1644060611724854
}