{
    "RMSE_loss": {
        "train": 103.1021957397461,
        "validation": 154.64898681640625,
        "test": 131.1173858642578
    },
    "R_squared": {
        "train": 0.1128079891204834,
        "validation": 0.08784329891204834,
        "test": 0.38449764251708984
    },
    "inference_latency": 7.328987121582031e-06,
    "training_duration": 5.053858041763306
}