{
    "RMSE_loss": {
        "train": 189.10342407226562,
        "validation": 133.65853881835938,
        "test": 170.2986602783203
    },
    "R_squared": {
        "train": -0.8260620832443237,
        "validation": -2.192133665084839,
        "test": -1.1834909915924072
    },
    "inference_latency": 8.652210235595703e-06,
    "training_duration": 1.902245044708252
}