{
    "RMSE_loss": {
        "train": 145.3738250732422,
        "validation": 97.56891632080078,
        "test": 128.67140197753906
    },
    "R_squared": {
        "train": -0.07916808128356934,
        "validation": -0.7010250091552734,
        "test": -0.24650216102600098
    },
    "inference_latency": 1.2452602386474609e-05,
    "training_duration": 2.8898098468780518
}