{
    "RMSE_loss": {
        "train": 85.5179672241211,
        "validation": 136.42762756347656,
        "test": 121.9441909790039
    },
    "R_squared": {
        "train": 0.39472001791000366,
        "validation": 0.4134114384651184,
        "test": 0.2922799587249756
    },
    "inference_latency": 7.5006484985351565e-06,
    "training_duration": 3.003169059753418
}