{
    "RMSE_loss": {
        "train": 210.93426513671875,
        "validation": 147.9183807373047,
        "test": 190.16714477539062
    },
    "R_squared": {
        "train": -1.2720139026641846,
        "validation": -2.9095966815948486,
        "test": -1.722701072692871
    },
    "inference_latency": 1.049041748046875e-05,
    "training_duration": 2.2621848583221436
}