{
    "RMSE_loss": {
        "train": 389.573974609375,
        "validation": 388.11962890625,
        "test": 386.65765380859375
    },
    "R_squared": {
        "train": -7.772536277770996,
        "validation": -7.6817121505737305,
        "test": -9.63509750366211
    },
    "inference_latency": 8.330345153808593e-06,
    "training_duration": 0.7276010513305664
}