{
    "RMSE_loss": {
        "train": 205.75393676757812,
        "validation": 185.43299865722656,
        "test": 183.11874389648438
    },
    "R_squared": {
        "train": -1.3129332065582275,
        "validation": -1.5662882328033447,
        "test": -1.7620220184326172
    },
    "inference_latency": 5.9604644775390625e-06,
    "training_duration": 1.0163769721984863
}