{
    "RMSE_loss": {
        "train": 212.2228240966797,
        "validation": 148.67967224121094,
        "test": 191.36610412597656
    },
    "R_squared": {
        "train": -1.2998573780059814,
        "validation": -2.949943780899048,
        "test": -1.75714111328125
    },
    "inference_latency": 8.71896743774414e-06,
    "training_duration": 2.873546838760376
}