{
    "RMSE_loss": {
        "train": 107.33384704589844,
        "validation": 92.13115692138672,
        "test": 101.96673583984375
    },
    "R_squared": {
        "train": 0.33397382497787476,
        "validation": 0.3783128261566162,
        "test": 0.3663843870162964
    },
    "inference_latency": 6.229877471923828e-06,
    "training_duration": 1.117145299911499
}