{
    "RMSE_loss": {
        "train": 104.6136245727539,
        "validation": 89.9365234375,
        "test": 96.29096221923828
    },
    "R_squared": {
        "train": 0.3673049807548523,
        "validation": 0.40757817029953003,
        "test": 0.4349591135978699
    },
    "inference_latency": 6.062984466552734e-06,
    "training_duration": 1.1722691059112549
}