{
    "RMSE_loss": {
        "train": 92.34790802001953,
        "validation": 125.84854125976562,
        "test": 94.100341796875
    },
    "R_squared": {
        "train": 0.44246429204940796,
        "validation": 0.41136598587036133,
        "test": 0.29514139890670776
    },
    "inference_latency": 6.279945373535156e-06,
    "training_duration": 1.1125907897949219
}