{
    "RMSE_loss": {
        "train": 168.5927276611328,
        "validation": 175.67466735839844,
        "test": 187.03404235839844
    },
    "R_squared": {
        "train": -0.8384417295455933,
        "validation": -0.9096267223358154,
        "test": -0.5435672998428345
    },
    "inference_latency": 6.0701370239257815e-06,
    "training_duration": 1.1177661418914795
}