{
    "RMSE_loss": {
        "train": 89.45764923095703,
        "validation": 99.35658264160156,
        "test": 106.08428192138672
    },
    "R_squared": {
        "train": 0.5308655500411987,
        "validation": 0.2733863592147827,
        "test": 0.36554956436157227
    },
    "inference_latency": 6.451606750488281e-06,
    "training_duration": 15.588588953018188
}