{
    "RMSE_loss": {
        "train": 96.89169311523438,
        "validation": 101.4286117553711,
        "test": 106.38079071044922
    },
    "R_squared": {
        "train": 0.3927810788154602,
        "validation": 0.3634226322174072,
        "test": 0.5006435513496399
    },
    "inference_latency": 6.449222564697266e-06,
    "training_duration": 1.1894378662109375
}