{
    "RMSE_loss": {
        "train": 162.52915954589844,
        "validation": 204.2603302001953,
        "test": 156.31964111328125
    },
    "R_squared": {
        "train": -0.7169111967086792,
        "validation": -0.6102570295333862,
        "test": -0.872616171836853
    },
    "inference_latency": 6.0272216796875e-06,
    "training_duration": 1.0756380558013916
}