{
    "RMSE_loss": {
        "train": 207.16136169433594,
        "validation": 186.7672119140625,
        "test": 184.6076202392578
    },
    "R_squared": {
        "train": -1.344684362411499,
        "validation": -1.6033506393432617,
        "test": -1.8071186542510986
    },
    "inference_latency": 6.010532379150391e-06,
    "training_duration": 1.3952360153198242
}