{
    "RMSE_loss": {
        "train": 85.91094207763672,
        "validation": 93.03203582763672,
        "test": 110.59024047851562
    },
    "R_squared": {
        "train": 0.5477829942965828,
        "validation": 0.32998365020974985,
        "test": 0.44137586376050764
    },
    "inference_latency": 2.1829605102539063e-05,
    "training_duration": 34.21850800514221
}