{
    "RMSE_loss": {
        "train": 175.99232482910156,
        "validation": 145.54922485351562,
        "test": 168.666259765625
    },
    "R_squared": {
        "train": -0.6762264966964722,
        "validation": -1.335144281387329,
        "test": -0.8185231685638428
    },
    "inference_latency": 6.699562072753907e-06,
    "training_duration": 1.1461000442504883
}