{
    "RMSE_loss": {
        "train": 203.8140869140625,
        "validation": 198.36868286132812,
        "test": 170.6924591064453
    },
    "R_squared": {
        "train": -1.2942368984222412,
        "validation": -1.335843563079834,
        "test": -2.036827802658081
    },
    "inference_latency": 9.288787841796875e-06,
    "training_duration": 1.952876091003418
}