{
    "RMSE_loss": {
        "train": 95.05176544189453,
        "validation": 104.4649658203125,
        "test": 106.46582794189453
    },
    "R_squared": {
        "train": 0.43537116050720215,
        "validation": 0.2875014543533325,
        "test": 0.46114081144332886
    },
    "inference_latency": 7.050037384033203e-06,
    "training_duration": 1.698458194732666
}