{
    "RMSE_loss": {
        "train": 102.17823791503906,
        "validation": 86.77515411376953,
        "test": 92.134765625
    },
    "R_squared": {
        "train": 0.3964202404022217,
        "validation": 0.44849473237991333,
        "test": 0.48268401622772217
    },
    "inference_latency": 6.048679351806641e-06,
    "training_duration": 1.1480991840362549
}