{
    "RMSE_loss": {
        "train": 205.43788146972656,
        "validation": 185.13548278808594,
        "test": 182.7741241455078
    },
    "R_squared": {
        "train": -1.305833101272583,
        "validation": -1.5580599308013916,
        "test": -1.751636028289795
    },
    "inference_latency": 6.482601165771485e-06,
    "training_duration": 1.1056530475616455
}