{
    "RMSE_loss": {
        "train": 82.31983184814453,
        "validation": 133.39599609375,
        "test": 124.68988800048828
    },
    "R_squared": {
        "train": 0.4454668341618012,
        "validation": 0.39610710740613553,
        "test": 0.34092802695902236
    },
    "inference_latency": 1.401662826538086e-05,
    "training_duration": 25.923567533493042
}