{
    "Train": {
        "accuracy": 0.8931034482758621,
        "precision": 0.907211632453568,
        "recall": 0.8907550315952152,
        "f1": 0.8951414797984553
    },
    "Validation": {
        "accuracy": 0.41379310344827586,
        "precision": 0.4143362831858407,
        "recall": 0.40689379802139064,
        "f1_score": 0.39558749908399493
    },
    "Test": {
        "accuracy": 0.37349397590361444,
        "precision": 0.3675331055581608,
        "recall": 0.37283068783068785,
        "f1": 0.3598823273271635
    }
}