{
    "validation_accuracy": 0.3931034482758621,
    "precision": 0.38946379682649857,
    "recall": 0.3929310404433372,
    "f1_score": 0.3801058068921423
}