{
    "validation_accuracy": 0.4068965517241379,
    "precision": 0.4030453455500839,
    "recall": 0.40553552787068325,
    "f1_score": 0.39421509362512086
}