{
    "validation_accuracy": 0.41379310344827586,
    "precision": 0.4195816609817632,
    "recall": 0.40737191660081357,
    "f1_score": 0.40160586651814717
}