{
    "Train": {
        "accuracy": 1.0,
        "precision": 1.0,
        "recall": 1.0,
        "f1": 1.0
    },
    "Validation": {
        "accuracy": 0.41379310344827586,
        "precision": 0.41478803538636394,
        "recall": 0.4091410056079969,
        "f1_score": 0.4067132024855602
    },
    "Test": {
        "accuracy": 0.3654618473895582,
        "precision": 0.35502052925270455,
        "recall": 0.35941798941798936,
        "f1": 0.35261207912349524
    }
}