{
    "accuracy": {
        "train": 0.9862068965517241,
        "validation": 0.36551724137931035,
        "test": 0.3534136546184739
    },
    "precision": {
        "train": 0.9888888888888889,
        "validation": 0.3610677310866098,
        "test": 0.3458061257289801
    },
    "recall": {
        "train": 0.9859000950652493,
        "validation": 0.3583874685619289,
        "test": 0.35285714285714287
    },
    "f1_score": {
        "train": 0.9871403087101432,
        "validation": 0.35114066046778036,
        "test": 0.3461495135688684
    }
}