{
    "validation_accuracy": 0.41379310344827586,
    "precision": 0.4224128561221697,
    "recall": 0.41036069611181764,
    "f1_score": 0.4025409930053893
}