{
    "Train": {
        "accuracy": 0.9827586206896551,
        "precision": 0.9863013698630138,
        "recall": 0.9820411830794022,
        "f1": 0.9838152425906248
    },
    "Validation": {
        "accuracy": 0.3896551724137931,
        "precision": 0.3928573912260276,
        "recall": 0.3835770409583932,
        "f1_score": 0.3766154111219767
    },
    "Test": {
        "accuracy": 0.37349397590361444,
        "precision": 0.3614357341549973,
        "recall": 0.36843915343915346,
        "f1": 0.3582921931532256
    }
}