{
    "validation_accuracy": 0.3931034482758621,
    "precision": 0.38593178466782846,
    "recall": 0.38752477920304934,
    "f1_score": 0.3759876352819417
}