{
    "validation_accuracy": 0.39655172413793105,
    "precision": 0.3954367703070785,
    "recall": 0.38633225949635497,
    "f1_score": 0.3782911575109497
}