{
    "RMSE_loss": {
        "train": 95.4981460571289,
        "validation": 124.13330078125,
        "test": 85.97444152832031
    },
    "R_squared": {
        "train": 0.40724509954452515,
        "validation": 0.4052920937538147,
        "test": 0.4335516095161438
    },
    "inference_latency": 6.117820739746094e-06,
    "training_duration": 1.150270938873291
}