{
    "RMSE_loss": {
        "train": 129.1610565185547,
        "validation": 151.83340454101562,
        "test": 151.62635803222656
    },
    "R_squared": {
        "train": -0.08727216720581055,
        "validation": -0.3897804021835327,
        "test": -0.014234423637390137
    },
    "inference_latency": 7.476806640625e-06,
    "training_duration": 1.5404021739959717
}