{
    "RMSE_loss": {
        "train": 206.37887573242188,
        "validation": 185.96803283691406,
        "test": 183.78555297851562
    },
    "R_squared": {
        "train": -1.3270049095153809,
        "validation": -1.5811188220977783,
        "test": -1.7821738719940186
    },
    "inference_latency": 6.110668182373047e-06,
    "training_duration": 1.3834221363067627
}