{
    "RMSE_loss": {
        "train": 173.4111785888672,
        "validation": 142.8605499267578,
        "test": 165.84848022460938
    },
    "R_squared": {
        "train": -0.6274193525314331,
        "validation": -1.2496683597564697,
        "test": -0.7582694292068481
    },
    "inference_latency": 6.489753723144531e-06,
    "training_duration": 1.1423282623291016
}