{
    "RMSE_loss": {
        "train": 72.48918914794922,
        "validation": 127.36993408203125,
        "test": 121.62876892089844
    },
    "R_squared": {
        "train": 0.5700034190243295,
        "validation": 0.44943547453333366,
        "test": 0.3728910206903897
    },
    "inference_latency": 1.1720657348632812e-05,
    "training_duration": 36.830220222473145
}