{
    "RMSE_loss": {
        "train": 206.1497802734375,
        "validation": 185.76258850097656,
        "test": 183.5287628173828
    },
    "R_squared": {
        "train": -1.3218412399291992,
        "validation": -1.5754189491271973,
        "test": -1.774404525756836
    },
    "inference_latency": 6.010532379150391e-06,
    "training_duration": 1.3776600360870361
}