{
    "RMSE_loss": {
        "train": 79.42322540283203,
        "validation": 92.26891326904297,
        "test": 112.38905334472656
    },
    "R_squared": {
        "train": 0.6135039660870468,
        "validation": 0.3409306227183885,
        "test": 0.42305543071939544
    },
    "inference_latency": 3.0164718627929687e-05,
    "training_duration": 48.08046746253967
}