{
    "RMSE_loss": {
        "train": 206.21865844726562,
        "validation": 185.80105590820312,
        "test": 183.6306610107422
    },
    "R_squared": {
        "train": -1.323392629623413,
        "validation": -1.5764858722686768,
        "test": -1.7774863243103027
    },
    "inference_latency": 6.1798095703125e-06,
    "training_duration": 1.4055249691009521
}