{
    "RMSE_loss": {
        "train": 205.83148193359375,
        "validation": 185.49658203125,
        "test": 183.20729064941406
    },
    "R_squared": {
        "train": -1.3146770000457764,
        "validation": -1.5680487155914307,
        "test": -1.7646942138671875
    },
    "inference_latency": 5.679130554199219e-06,
    "training_duration": 0.9635598659515381
}