{
    "RMSE_loss": {
        "train": 107.98035430908203,
        "validation": 128.05767822265625,
        "test": 83.61772155761719
    },
    "R_squared": {
        "train": 0.31565403938293457,
        "validation": 0.2302694320678711,
        "test": 0.28525304794311523
    },
    "inference_latency": 6.039142608642578e-06,
    "training_duration": 1.0990159511566162
}