{
    "RMSE_loss": {
        "train": 195.45335388183594,
        "validation": 232.14154052734375,
        "test": 180.76524353027344
    },
    "R_squared": {
        "train": -1.4974963665008545,
        "validation": -1.0028786659240723,
        "test": -1.6010544300079346
    },
    "inference_latency": 6.029605865478515e-06,
    "training_duration": 1.0622889995574951
}