{
    "RMSE_loss": {
        "train": 207.02294921875,
        "validation": 186.6590118408203,
        "test": 184.46267700195312
    },
    "R_squared": {
        "train": -1.3415520191192627,
        "validation": -1.6003351211547852,
        "test": -1.8027122020721436
    },
    "inference_latency": 5.769729614257812e-06,
    "training_duration": 0.9428508281707764
}