{
    "RMSE_loss": {
        "train": 205.31643676757812,
        "validation": 185.00582885742188,
        "test": 182.69273376464844
    },
    "R_squared": {
        "train": -1.303107500076294,
        "validation": -1.554478406906128,
        "test": -1.749185562133789
    },
    "inference_latency": 5.781650543212891e-06,
    "training_duration": 1.149622917175293
}