{
    "RMSE_loss": {
        "train": 95.7848892211914,
        "validation": 106.44145965576172,
        "test": 109.9335708618164
    },
    "R_squared": {
        "train": 0.4266278147697449,
        "validation": 0.2602851986885071,
        "test": 0.42546629905700684
    },
    "inference_latency": 6.382465362548828e-06,
    "training_duration": 1.6875309944152832
}