{
    "RMSE_loss": {
        "train": 101.8534927368164,
        "validation": 102.65052032470703,
        "test": 74.67723083496094
    },
    "R_squared": {
        "train": 0.4298158288002014,
        "validation": 0.3224545121192932,
        "test": 0.4604488015174866
    },
    "inference_latency": 7.212162017822266e-06,
    "training_duration": 2.7206010818481445
}