{
    "RMSE_loss": {
        "train": 88.92005920410156,
        "validation": 95.63666534423828,
        "test": 104.12873077392578
    },
    "R_squared": {
        "train": 0.5364869832992554,
        "validation": 0.32677680253982544,
        "test": 0.38872480392456055
    },
    "inference_latency": 6.489753723144531e-06,
    "training_duration": 12.738662004470825
}