{
    "RMSE_loss": {
        "train": 205.8423614501953,
        "validation": 185.45960998535156,
        "test": 183.21981811523438
    },
    "R_squared": {
        "train": -1.3149216175079346,
        "validation": -1.5670249462127686,
        "test": -1.7650721073150635
    },
    "inference_latency": 5.598068237304688e-06,
    "training_duration": 0.9789869785308838
}