{
    "RMSE_loss": {
        "train": 203.44955444335938,
        "validation": 183.3277130126953,
        "test": 180.86691284179688
    },
    "R_squared": {
        "train": -1.2614147663116455,
        "validation": -1.5083472728729248,
        "test": -1.6945099830627441
    },
    "inference_latency": 5.76019287109375e-06,
    "training_duration": 0.9963898658752441
}