{
    "RMSE_loss": {
        "train": 175.22933959960938,
        "validation": 144.19552612304688,
        "test": 168.11231994628906
    },
    "R_squared": {
        "train": -0.6617240905761719,
        "validation": -1.2919092178344727,
        "test": -0.8065980672836304
    },
    "inference_latency": 6.890296936035156e-06,
    "training_duration": 1.157099962234497
}