{
    "RMSE_loss": {
        "train": 163.5323944091797,
        "validation": 204.17210388183594,
        "test": 156.09786987304688
    },
    "R_squared": {
        "train": -0.7381725311279297,
        "validation": -0.6088662147521973,
        "test": -0.8673064708709717
    },
    "inference_latency": 6.139278411865234e-06,
    "training_duration": 1.1147828102111816
}