{
    "RMSE_loss": {
        "train": 205.67921447753906,
        "validation": 185.36923217773438,
        "test": 183.02029418945312
    },
    "R_squared": {
        "train": -1.3112537860870361,
        "validation": -1.564523696899414,
        "test": -1.7590527534484863
    },
    "inference_latency": 6.020069122314453e-06,
    "training_duration": 0.9684522151947021
}