{
    "RMSE_loss": {
        "train": 108.79521179199219,
        "validation": 118.60236358642578,
        "test": 108.30528259277344
    },
    "R_squared": {
        "train": 0.3533245921134949,
        "validation": -0.0498279333114624,
        "test": 0.03381383419036865
    },
    "inference_latency": 5.691051483154297e-06,
    "training_duration": 0.8227918148040771
}