{
    "RMSE_loss": {
        "train": 129.76690673828125,
        "validation": 131.77780151367188,
        "test": 116.9192886352539
    },
    "R_squared": {
        "train": 0.0699683427810669,
        "validation": -0.03081798553466797,
        "test": -0.4248325824737549
    },
    "inference_latency": 6.859302520751953e-06,
    "training_duration": 1.3647022247314453
}