{
    "RMSE_loss": {
        "train": 198.128662109375,
        "validation": 205.9695281982422,
        "test": 207.53713989257812
    },
    "R_squared": {
        "train": -1.5584077835083008,
        "validation": -1.5575108528137207,
        "test": -0.9001178741455078
    },
    "inference_latency": 7.491111755371094e-06,
    "training_duration": 1.66475510597229
}