{
    "RMSE_loss": {
        "train": 97.64844512939453,
        "validation": 90.08001708984375,
        "test": 125.86071014404297
    },
    "R_squared": {
        "train": 0.3830646276473999,
        "validation": 0.1863606572151184,
        "test": 0.44754940271377563
    },
    "inference_latency": 7.548332214355469e-06,
    "training_duration": 2.6519620418548584
}