{
    "RMSE_loss": {
        "train": 116.82111358642578,
        "validation": 70.67451477050781,
        "test": 100.52560424804688
    },
    "R_squared": {
        "train": 0.3031178116798401,
        "validation": 0.10748946666717529,
        "test": 0.2391793131828308
    },
    "inference_latency": 1.577138900756836e-05,
    "training_duration": 3.432145118713379
}