{
    "RMSE_loss": {
        "train": 95.74749755859375,
        "validation": 88.53946685791016,
        "test": 108.49860382080078
    },
    "R_squared": {
        "train": 0.48242783546447754,
        "validation": 0.16926681995391846,
        "test": 0.37470144033432007
    },
    "inference_latency": 6.940364837646484e-06,
    "training_duration": 4.134183168411255
}