{
    "RMSE_loss": {
        "train": 77.92509460449219,
        "validation": 116.1783447265625,
        "test": 119.23480987548828
    },
    "R_squared": {
        "train": 0.5885798934011532,
        "validation": 0.17171563954825497,
        "test": 0.4393487496580598
    },
    "inference_latency": 6.920099258422852e-05,
    "training_duration": 40.05168604850769
}