{
    "RMSE_loss": {
        "train": 207.14028930664062,
        "validation": 186.7476348876953,
        "test": 184.60006713867188
    },
    "R_squared": {
        "train": -1.3442068099975586,
        "validation": -1.6028051376342773,
        "test": -1.806889295578003
    },
    "inference_latency": 5.750656127929688e-06,
    "training_duration": 0.9069297313690186
}