{
    "RMSE_loss": {
        "train": 205.96917724609375,
        "validation": 185.56407165527344,
        "test": 183.35589599609375
    },
    "R_squared": {
        "train": -1.317774772644043,
        "validation": -1.569917917251587,
        "test": -1.7691805362701416
    },
    "inference_latency": 6.148815155029297e-06,
    "training_duration": 1.377624750137329
}