{
    "RMSE_loss": {
        "train": 101.62275695800781,
        "validation": 109.79215240478516,
        "test": 95.16132354736328
    },
    "R_squared": {
        "train": 0.43577975034713745,
        "validation": 0.1003490686416626,
        "test": 0.25409674644470215
    },
    "inference_latency": 9.992122650146484e-06,
    "training_duration": 1.744866132736206
}