{
    "RMSE_loss": {
        "train": 97.0486068725586,
        "validation": 103.93772888183594,
        "test": 103.0094223022461
    },
    "R_squared": {
        "train": 0.4133481979370117,
        "validation": 0.41357147693634033,
        "test": 0.38473618030548096
    },
    "inference_latency": 6.220340728759766e-06,
    "training_duration": 1.677069902420044
}