{
    "RMSE_loss": {
        "train": 204.53997802734375,
        "validation": 184.27635192871094,
        "test": 182.0514678955078
    },
    "R_squared": {
        "train": -1.2857208251953125,
        "validation": -1.5343735218048096,
        "test": -1.7299199104309082
    },
    "inference_latency": 5.89132308959961e-06,
    "training_duration": 0.9585509300231934
}