{
    "RMSE_loss": {
        "train": 98.71370697021484,
        "validation": 108.0462646484375,
        "test": 91.31188201904297
    },
    "R_squared": {
        "train": 0.46761995553970337,
        "validation": 0.12873363494873047,
        "test": 0.31322240829467773
    },
    "inference_latency": 5.89132308959961e-06,
    "training_duration": 1.0274391174316406
}