{
    "RMSE_loss": {
        "train": 98.08667755126953,
        "validation": 110.1753158569336,
        "test": 93.33238220214844
    },
    "R_squared": {
        "train": 0.4743618965148926,
        "validation": 0.0940588116645813,
        "test": 0.28249281644821167
    },
    "inference_latency": 6.420612335205078e-06,
    "training_duration": 1.0730488300323486
}