{
    "RMSE_loss": {
        "train": 205.5938720703125,
        "validation": 185.1669158935547,
        "test": 182.91575622558594
    },
    "R_squared": {
        "train": -1.3093359470367432,
        "validation": -1.5589289665222168,
        "test": -1.755901575088501
    },
    "inference_latency": 6.2894821166992185e-06,
    "training_duration": 1.389603853225708
}