{
    "RMSE_loss": {
        "train": 207.04273986816406,
        "validation": 186.64613342285156,
        "test": 184.49508666992188
    },
    "R_squared": {
        "train": -1.3419992923736572,
        "validation": -1.5999765396118164,
        "test": -1.8036973476409912
    },
    "inference_latency": 5.970001220703125e-06,
    "training_duration": 1.1168079376220703
}