{
    "RMSE_loss": {
        "train": 78.13823699951172,
        "validation": 130.56094360351562,
        "test": 123.12885284423828
    },
    "R_squared": {
        "train": 0.5003731762111234,
        "validation": 0.4215034052680129,
        "test": 0.35732698955265696
    },
    "inference_latency": 5.1562786102294924e-05,
    "training_duration": 18.74539542198181
}