{
    "RMSE_loss": {
        "train": 100.9277114868164,
        "validation": 95.347900390625,
        "test": 115.9299087524414
    },
    "R_squared": {
        "train": 0.4382655620574951,
        "validation": 0.32915395498275757,
        "test": -0.044060707092285156
    },
    "inference_latency": 6.668567657470703e-06,
    "training_duration": 1.647529125213623
}