{
    "RMSE_loss": {
        "train": 206.42013549804688,
        "validation": 186.0379180908203,
        "test": 183.80474853515625
    },
    "R_squared": {
        "train": -1.327934980392456,
        "validation": -1.583059310913086,
        "test": -1.7827553749084473
    },
    "inference_latency": 6.489753723144531e-06,
    "training_duration": 1.3874602317810059
}