{
    "RMSE_loss": {
        "train": 104.9097900390625,
        "validation": 86.69281768798828,
        "test": 96.68976593017578
    },
    "R_squared": {
        "train": 0.3637176752090454,
        "validation": 0.44954079389572144,
        "test": 0.4302690029144287
    },
    "inference_latency": 5.91278076171875e-06,
    "training_duration": 1.1389822959899902
}