{
    "train_RMSE": 0.02102773515586708,
    "test_RMSE": 0.02051280646924508,
    "validation_RMSE": 0.07844349969926037,
    "train_R2": 0.9995477173296833,
    "test_R2": 0.9994538854013849,
    "validation_R2": null,
    "train_MSE": 0.0004421656457852882,
    "test_MSE": 0.0004207752292447027,
    "validation_MSE": null
}