{
    "train_RMSE": 0.015446186838692331,
    "test_RMSE": 0.018955265109341944,
    "validation_RMSE": 0.013369651703003298,
    "train_R2": 0.999735954504192,
    "test_R2": 0.9997333872396718,
    "validation_R2": null,
    "train_MSE": 0.0002385846878557922,
    "test_MSE": 0.0003593020753654361,
    "validation_MSE": null
}