{
    "train_RMSE": 6.776439816604503e-05,
    "test_RMSE": 5.3630118221853185e-05,
    "validation_RMSE": 9.458325533635682e-05,
    "train_R2": 0.9999999959171018,
    "test_R2": 0.9999999949037477,
    "validation_R2": null,
    "train_MSE": 4.5920136588062865e-09,
    "test_MSE": 2.876189580489949e-09,
    "validation_MSE": null
}