{
    "train_RMSE": 4.6116469476494474e-05,
    "test_RMSE": 4.447216325803408e-05,
    "validation_RMSE": 0.00012428609351554674,
    "train_R2": 0.999999998137645,
    "test_R2": 0.999999997454075,
    "validation_R2": null,
    "train_MSE": 2.126728756976447e-09,
    "test_MSE": 1.9777733048492364e-09,
    "validation_MSE": null
}