{
    "Train": {
        "RMSE": 7.340441348256308e-05,
        "R2": 0.9999999943101261,
        "MSE": 5.388207918719089e-09
    },
    "Test": {
        "RMSE": 9.57356515726991e-05,
        "R2": 0.9999999943971077,
        "MSE": 9.165314982049245e-09
    },
    "Validation": {
        "RMSE": 0.0001293597482651683,
        "R2": null,
        "MSE": null
    }
}