{
    "Train": {
        "RMSE": 0.00010360128371608819,
        "R2": 0.9999999900949232,
        "MSE": 1.07332259876214e-08
    },
    "Test": {
        "RMSE": 9.426049697486471e-05,
        "R2": 0.9999999900620155,
        "MSE": 8.88504128994848e-09
    },
    "Validation": {
        "RMSE": 0.00014493120570258154,
        "R2": null,
        "MSE": null
    }
}