{
    "train_RMSE": 0.01824310168806307,
    "test_RMSE": 0.011980476147326186,
    "validation_RMSE": 0.013430907816221868,
    "train_R2": 0.999682255654807,
    "test_R2": 0.9996798356858295,
    "validation_R2": null,
    "train_MSE": 0.0003328107592010096,
    "test_MSE": 0.00014353180871665172,
    "validation_MSE": null
}