{
    "train_RMSE": 0.00014738235204972525,
    "test_RMSE": 0.00012382004254189743,
    "validation_RMSE": 0.00015171725847414137,
    "train_R2": 0.9999999804420023,
    "test_R2": 0.999999980385754,
    "validation_R2": null,
    "train_MSE": 2.1721557695709153e-08,
    "test_MSE": 1.533140293507729e-08,
    "validation_MSE": null
}