{
    "RMSE_loss": {
        "train": 98.04692840576172,
        "validation": 99.9540786743164,
        "test": 99.79056549072266
    },
    "R_squared": {
        "train": 0.46742480993270874,
        "validation": -0.0015411376953125,
        "test": 0.4071957468986511
    },
    "inference_latency": 7.1001052856445315e-06,
    "training_duration": 2.8071911334991455
}