{
    "RMSE_loss": {
        "train": 204.3202362060547,
        "validation": 184.1469268798828,
        "test": 181.570068359375
    },
    "R_squared": {
        "train": -1.2808122634887695,
        "validation": -1.5308146476745605,
        "test": -1.7155017852783203
    },
    "inference_latency": 5.750656127929688e-06,
    "training_duration": 0.9564321041107178
}