{
    "RMSE_loss": {
        "train": 163.11741638183594,
        "validation": 169.78109741210938,
        "test": 181.5205078125
    },
    "R_squared": {
        "train": -0.7209683656692505,
        "validation": -0.7836469411849976,
        "test": -0.4539036750793457
    },
    "inference_latency": 6.1798095703125e-06,
    "training_duration": 1.1657989025115967
}