{
    "RMSE_loss": {
        "train": 142.791748046875,
        "validation": 98.1668930053711,
        "test": 125.82295227050781
    },
    "R_squared": {
        "train": -0.04117310047149658,
        "validation": -0.721939206123352,
        "test": -0.1919243335723877
    },
    "inference_latency": 8.511543273925782e-06,
    "training_duration": 1.6363070011138916
}