{
    "RMSE_loss": {
        "train": 206.06028747558594,
        "validation": 185.67628479003906,
        "test": 183.45533752441406
    },
    "R_squared": {
        "train": -1.3198258876800537,
        "validation": -1.5730268955230713,
        "test": -1.7721853256225586
    },
    "inference_latency": 5.767345428466797e-06,
    "training_duration": 1.3790481090545654
}