{
    "RMSE_loss": {
        "train": 104.2562026977539,
        "validation": 86.39061737060547,
        "test": 83.050048828125
    },
    "R_squared": {
        "train": 0.4142095446586609,
        "validation": 0.5222812294960022,
        "test": 0.2098563313484192
    },
    "inference_latency": 7.050037384033203e-06,
    "training_duration": 2.727451801300049
}