{
    "Accuracy": {
        "train": 0.8913793103448275,
        "validation": 0.7983870967741935,
        "test": 0.752
    },
    "training_duration": 0.5352048873901367
}