{
    "RMSE_loss": {
        "train": 207.0956573486328,
        "validation": 186.7165985107422,
        "test": 184.5347900390625
    },
    "R_squared": {
        "train": -1.3431971073150635,
        "validation": -1.6019399166107178,
        "test": -1.8049037456512451
    },
    "inference_latency": 5.970001220703125e-06,
    "training_duration": 1.0094237327575684
}