{
    "RMSE_loss": {
        "train": 88.6256103515625,
        "validation": 101.84246063232422,
        "test": 107.8573226928711
    },
    "R_squared": {
        "train": 0.516991306585552,
        "validation": 0.29606182512697876,
        "test": 0.420280674699926
    },
    "inference_latency": 3.055572509765625e-05,
    "training_duration": 22.55277681350708
}