{
    "RMSE_loss": {
        "train": 209.07449340820312,
        "validation": 146.81692504882812,
        "test": 188.29843139648438
    },
    "R_squared": {
        "train": -1.2321267127990723,
        "validation": -2.8515892028808594,
        "test": -1.6694533824920654
    },
    "inference_latency": 2.4080276489257812e-05,
    "training_duration": 3.680243968963623
}