{
    "RMSE_loss": {
        "train": 205.914794921875,
        "validation": 185.64059448242188,
        "test": 183.35595703125
    },
    "R_squared": {
        "train": -1.3165512084960938,
        "validation": -1.572037696838379,
        "test": -1.7691826820373535
    },
    "inference_latency": 5.819797515869141e-06,
    "training_duration": 0.9435908794403076
}