{
    "RMSE_loss": {
        "train": 96.16651916503906,
        "validation": 103.75575256347656,
        "test": 103.30099487304688
    },
    "R_squared": {
        "train": 0.4018363356590271,
        "validation": 0.3338767886161804,
        "test": 0.529138445854187
    },
    "inference_latency": 6.129741668701172e-06,
    "training_duration": 1.1920766830444336
}