{
    "RMSE_loss": {
        "train": 98.96673583984375,
        "validation": 99.92765045166016,
        "test": 100.31990814208984
    },
    "R_squared": {
        "train": 0.45738548040390015,
        "validation": -0.001011490821838379,
        "test": 0.4008899927139282
    },
    "inference_latency": 7.002353668212891e-06,
    "training_duration": 2.740018844604492
}