{
    "RMSE_loss": {
        "train": 208.48501586914062,
        "validation": 146.9612579345703,
        "test": 187.75392150878906
    },
    "R_squared": {
        "train": -1.219557523727417,
        "validation": -2.859166145324707,
        "test": -1.6540372371673584
    },
    "inference_latency": 9.0789794921875e-06,
    "training_duration": 1.6248667240142822
}