{
    "RMSE_loss": {
        "train": 206.9951934814453,
        "validation": 186.60598754882812,
        "test": 184.41749572753906
    },
    "R_squared": {
        "train": -1.34092378616333,
        "validation": -1.5988578796386719,
        "test": -1.8013396263122559
    },
    "inference_latency": 6.041526794433594e-06,
    "training_duration": 1.141171932220459
}