{
    "RMSE_loss": {
        "train": 82.7660903930664,
        "validation": 118.7791519165039,
        "test": 100.056396484375
    },
    "R_squared": {
        "train": 0.6155188960035767,
        "validation": 0.22849703674353605,
        "test": -0.036773697120822346
    },
    "inference_latency": 9.77635383605957e-05,
    "training_duration": 40.6456401348114
}