{
    "RMSE_loss": {
        "train": 203.12680053710938,
        "validation": 197.8463592529297,
        "test": 169.64724731445312
    },
    "R_squared": {
        "train": -1.27878999710083,
        "validation": -1.3235585689544678,
        "test": -1.9997503757476807
    },
    "inference_latency": 7.622241973876953e-06,
    "training_duration": 1.6586599349975586
}