{
    "RMSE_loss": {
        "train": 167.33181762695312,
        "validation": 174.47543334960938,
        "test": 184.95147705078125
    },
    "R_squared": {
        "train": -0.8110452890396118,
        "validation": -0.883643627166748,
        "test": -0.509384274482727
    },
    "inference_latency": 6.12020492553711e-06,
    "training_duration": 1.1610851287841797
}