{
    "RMSE_loss": {
        "train": 119.37377166748047,
        "validation": 150.5362548828125,
        "test": 151.1385955810547
    },
    "R_squared": {
        "train": -0.18932223320007324,
        "validation": 0.13571405410766602,
        "test": 0.18217593431472778
    },
    "inference_latency": 2.2711753845214845e-05,
    "training_duration": 3.881067991256714
}