{
    "RMSE_loss": {
        "train": 197.2361297607422,
        "validation": 177.355712890625,
        "test": 174.202880859375
    },
    "R_squared": {
        "train": -1.1253952980041504,
        "validation": -1.3475871086120605,
        "test": -1.4996097087860107
    },
    "inference_latency": 6.339550018310547e-06,
    "training_duration": 1.057379961013794
}