{
    "RMSE_loss": {
        "train": 4065964288.0,
        "validation": 4065964288.0,
        "test": 4065964032.0
    },
    "R_squared": {
        "train": -955591769980928.0,
        "validation": -952798967496704.0,
        "test": -1176021504098304.0
    },
    "inference_latency": 7.68899917602539e-06,
    "training_duration": 0.9300799369812012
}