{
    "RMSE_loss": {
        "train": 174.79295349121094,
        "validation": 157.7979736328125,
        "test": 151.25277709960938
    },
    "R_squared": {
        "train": -0.6692241430282593,
        "validation": -0.8583788871765137,
        "test": -0.8843790292739868
    },
    "inference_latency": 6.0009956359863285e-06,
    "training_duration": 1.1605350971221924
}