{
    "RMSE_loss": {
        "train": 206.08197021484375,
        "validation": 185.7008514404297,
        "test": 183.46011352539062
    },
    "R_squared": {
        "train": -1.3203141689300537,
        "validation": -1.5737078189849854,
        "test": -1.772329330444336
    },
    "inference_latency": 6.170272827148437e-06,
    "training_duration": 0.9740891456604004
}