{
    "RMSE_loss": {
        "train": 205.29591369628906,
        "validation": 199.9329071044922,
        "test": 171.72735595703125
    },
    "R_squared": {
        "train": -1.32771897315979,
        "validation": -1.3728270530700684,
        "test": -2.073763847351074
    },
    "inference_latency": 1.0807514190673828e-05,
    "training_duration": 1.6215059757232666
}