{
    "RMSE_loss": {
        "train": 99.65763854980469,
        "validation": 112.96639251708984,
        "test": 101.9032211303711
    },
    "R_squared": {
        "train": 0.42592793703079224,
        "validation": 0.2645169496536255,
        "test": 0.26130688190460205
    },
    "inference_latency": 8.0108642578125e-06,
    "training_duration": 0.7798190116882324
}