{
    "RMSE_loss": {
        "train": 87.61940002441406,
        "validation": 113.37088775634766,
        "test": 98.05939483642578
    },
    "R_squared": {
        "train": 0.5691058631102661,
        "validation": 0.2971538758655682,
        "test": 0.0041987977960097345
    },
    "inference_latency": 7.880687713623047e-05,
    "training_duration": 25.607492446899414
}