{
    "RMSE_loss": {
        "train": 97.79329681396484,
        "validation": 86.87093353271484,
        "test": 107.77305603027344
    },
    "R_squared": {
        "train": 0.46007394790649414,
        "validation": 0.2002822756767273,
        "test": 0.38303643465042114
    },
    "inference_latency": 6.449222564697266e-06,
    "training_duration": 3.8571078777313232
}