{
    "RMSE_loss": {
        "train": 211.7208251953125,
        "validation": 148.32618713378906,
        "test": 190.7655487060547
    },
    "R_squared": {
        "train": -1.2889900207519531,
        "validation": -2.9311840534210205,
        "test": -1.7398631572723389
    },
    "inference_latency": 9.868144989013672e-06,
    "training_duration": 4.41655969619751
}