{
    "RMSE_loss": {
        "train": 98.15217590332031,
        "validation": 105.89735412597656,
        "test": 99.10081481933594
    },
    "R_squared": {
        "train": 0.3768794536590576,
        "validation": 0.30609434843063354,
        "test": 0.5666501522064209
    },
    "inference_latency": 6.3276290893554685e-06,
    "training_duration": 1.304725170135498
}