{
    "RMSE_loss": {
        "train": 195.5584259033203,
        "validation": 232.2171173095703,
        "test": 180.83680725097656
    },
    "R_squared": {
        "train": -1.5001823902130127,
        "validation": -1.0041835308074951,
        "test": -1.603114366531372
    },
    "inference_latency": 6.3610076904296874e-06,
    "training_duration": 1.085540771484375
}