{
    "RMSE_loss": {
        "train": 205.80609130859375,
        "validation": 185.44354248046875,
        "test": 183.19752502441406
    },
    "R_squared": {
        "train": -1.314105749130249,
        "validation": -1.5665802955627441,
        "test": -1.7643992900848389
    },
    "inference_latency": 5.98907470703125e-06,
    "training_duration": 0.9893031120300293
}