{
    "RMSE_loss": {
        "train": 175.66867065429688,
        "validation": 155.30662536621094,
        "test": 171.638916015625
    },
    "R_squared": {
        "train": -0.7840477228164673,
        "validation": -0.766602635383606,
        "test": -0.7953140735626221
    },
    "inference_latency": 6.079673767089844e-06,
    "training_duration": 1.0774147510528564
}