{
    "RMSE_loss": {
        "train": 207.2640380859375,
        "validation": 186.8862762451172,
        "test": 184.71141052246094
    },
    "R_squared": {
        "train": -1.3470087051391602,
        "validation": -1.6066710948944092,
        "test": -1.8102760314941406
    },
    "inference_latency": 6.091594696044922e-06,
    "training_duration": 0.9088950157165527
}