{
    "RMSE_loss": {
        "train": 202.80337524414062,
        "validation": 195.5582275390625,
        "test": 192.45220947265625
    },
    "R_squared": {
        "train": -1.2680912017822266,
        "validation": -1.821972370147705,
        "test": -1.8772697448730469
    },
    "inference_latency": 6.809234619140625e-06,
    "training_duration": 1.1478910446166992
}