{
    "RMSE_loss": {
        "train": 100.57646179199219,
        "validation": 110.04238891601562,
        "test": 92.34111022949219
    },
    "R_squared": {
        "train": 0.4473382234573364,
        "validation": 0.09624350070953369,
        "test": 0.2976530194282532
    },
    "inference_latency": 5.92947006225586e-06,
    "training_duration": 0.8913242816925049
}