{
    "RMSE_loss": {
        "train": 197.35560607910156,
        "validation": 205.46511840820312,
        "test": 206.79653930664062
    },
    "R_squared": {
        "train": -1.5384814739227295,
        "validation": -1.544999599456787,
        "test": -0.8865809440612793
    },
    "inference_latency": 1.7611980438232423e-05,
    "training_duration": 1.6051199436187744
}