{
    "RMSE_loss": {
        "train": 82.1874771118164,
        "validation": 118.40216827392578,
        "test": 119.3703842163086
    },
    "R_squared": {
        "train": 0.5423409067076206,
        "validation": 0.1397030129851905,
        "test": 0.43807309463010424
    },
    "inference_latency": 0.00011536359786987305,
    "training_duration": 30.46017050743103
}