{
    "RMSE_loss": {
        "train": 202.57899475097656,
        "validation": 182.63963317871094,
        "test": 180.101806640625
    },
    "R_squared": {
        "train": -1.242103099822998,
        "validation": -1.489553689956665,
        "test": -1.6717615127563477
    },
    "inference_latency": 5.879402160644531e-06,
    "training_duration": 0.9784901142120361
}