{
    "Accuracy": {
        "train": 0.9224137931034483,
        "validation": 0.782258064516129,
        "test": 0.728
    },
    "training_duration": 0.8773016929626465
}