{
    "RMSE_loss": {
        "train": 98.82242584228516,
        "validation": 103.5897445678711,
        "test": 109.40067291259766
    },
    "R_squared": {
        "train": 0.3683401942253113,
        "validation": 0.33600664138793945,
        "test": 0.4718902111053467
    },
    "inference_latency": 6.041526794433594e-06,
    "training_duration": 1.1916279792785645
}