{
    "RMSE_loss": {
        "train": 196.66322326660156,
        "validation": 176.8219451904297,
        "test": 173.40322875976562
    },
    "R_squared": {
        "train": -1.1130664348602295,
        "validation": -1.3334779739379883,
        "test": -1.4767141342163086
    },
    "inference_latency": 6.301403045654297e-06,
    "training_duration": 1.0625121593475342
}