{
    "RMSE_loss": {
        "train": 208.67027282714844,
        "validation": 147.02389526367188,
        "test": 188.02940368652344
    },
    "R_squared": {
        "train": -1.2235040664672852,
        "validation": -2.8624563217163086,
        "test": -1.6618313789367676
    },
    "inference_latency": 1.0628700256347656e-05,
    "training_duration": 2.347817897796631
}