{
    "RMSE_loss": {
        "train": 100.2945327758789,
        "validation": 117.4971923828125,
        "test": 94.7668685913086
    },
    "R_squared": {
        "train": 0.4504321813583374,
        "validation": -0.030353903770446777,
        "test": 0.26026761531829834
    },
    "inference_latency": 5.829334259033203e-06,
    "training_duration": 1.2582929134368896
}