{
    "RMSE_loss": {
        "train": 210.44691467285156,
        "validation": 147.54156494140625,
        "test": 189.81637573242188
    },
    "R_squared": {
        "train": -1.2615272998809814,
        "validation": -2.8897039890289307,
        "test": -1.7126660346984863
    },
    "inference_latency": 9.441375732421875e-06,
    "training_duration": 1.5851771831512451
}