{
    "RMSE_loss": {
        "train": 80.5057373046875,
        "validation": 91.68733978271484,
        "test": 111.00504302978516
    },
    "R_squared": {
        "train": 0.6028965983359383,
        "validation": 0.34921265447605876,
        "test": 0.43717739146530976
    },
    "inference_latency": 2.0000934600830078e-05,
    "training_duration": 50.758193016052246
}