{
    "RMSE_loss": {
        "train": 95.03585052490234,
        "validation": 107.90240478515625,
        "test": 102.94892120361328
    },
    "R_squared": {
        "train": 0.43742966651916504,
        "validation": 0.36797988414764404,
        "test": 0.38545870780944824
    },
    "inference_latency": 1.8320083618164063e-05,
    "training_duration": 2.737112045288086
}