{
    "RMSE_loss": {
        "train": 203.4032440185547,
        "validation": 183.22140502929688,
        "test": 180.4600830078125
    },
    "R_squared": {
        "train": -1.2603859901428223,
        "validation": -1.5054388046264648,
        "test": -1.6824016571044922
    },
    "inference_latency": 6.0701370239257815e-06,
    "training_duration": 0.950469970703125
}