{
    "RMSE_loss": {
        "train": 212.3177490234375,
        "validation": 148.9016571044922,
        "test": 191.48487854003906
    },
    "R_squared": {
        "train": -1.301915168762207,
        "validation": -2.961747407913208,
        "test": -1.7605645656585693
    },
    "inference_latency": 9.071826934814452e-06,
    "training_duration": 2.5447580814361572
}