{
    "RMSE_loss": {
        "train": 207.05157470703125,
        "validation": 186.64520263671875,
        "test": 184.49632263183594
    },
    "R_squared": {
        "train": -1.3421995639801025,
        "validation": -1.5999507904052734,
        "test": -1.8037347793579102
    },
    "inference_latency": 5.9604644775390625e-06,
    "training_duration": 0.9167327880859375
}