{
    "RMSE_loss": {
        "train": 96.70784759521484,
        "validation": 128.46530151367188,
        "test": 89.3485107421875
    },
    "R_squared": {
        "train": 0.39213287830352783,
        "validation": 0.3630595803260803,
        "test": 0.38821864128112793
    },
    "inference_latency": 6.060600280761719e-06,
    "training_duration": 1.113757848739624
}