{
    "RMSE_loss": {
        "train": 207.1197052001953,
        "validation": 186.7265625,
        "test": 184.5802001953125
    },
    "R_squared": {
        "train": -1.3437414169311523,
        "validation": -1.602217674255371,
        "test": -1.8062849044799805
    },
    "inference_latency": 5.609989166259766e-06,
    "training_duration": 1.2610409259796143
}