{
    "RMSE_loss": {
        "train": 205.337646484375,
        "validation": 199.9424591064453,
        "test": 171.7063446044922
    },
    "R_squared": {
        "train": -1.3286654949188232,
        "validation": -1.3730535507202148,
        "test": -2.073011636734009
    },
    "inference_latency": 7.936954498291015e-06,
    "training_duration": 1.5254309177398682
}