{
    "RMSE_loss": {
        "train": 99.27332305908203,
        "validation": 85.73933410644531,
        "test": 123.19735717773438
    },
    "R_squared": {
        "train": 0.3623620271682739,
        "validation": 0.26288503408432007,
        "test": 0.4706829786300659
    },
    "inference_latency": 6.759166717529297e-06,
    "training_duration": 1.719761848449707
}