{
    "RMSE_loss": {
        "train": 205.1251220703125,
        "validation": 199.6178436279297,
        "test": 171.77525329589844
    },
    "R_squared": {
        "train": -1.3238472938537598,
        "validation": -1.3653545379638672,
        "test": -2.0754785537719727
    },
    "inference_latency": 9.500980377197266e-06,
    "training_duration": 1.574568748474121
}