{
    "RMSE_loss": {
        "train": 92.95388793945312,
        "validation": 122.39219665527344,
        "test": 97.03302001953125
    },
    "R_squared": {
        "train": 0.4351232051849365,
        "validation": 0.44325488805770874,
        "test": 0.25052231550216675
    },
    "inference_latency": 6.320476531982422e-06,
    "training_duration": 1.127969741821289
}