{
    "RMSE_loss": {
        "train": 99.39280700683594,
        "validation": 90.67066955566406,
        "test": 102.13311004638672
    },
    "R_squared": {
        "train": 0.4653676748275757,
        "validation": 0.09379267692565918,
        "test": 0.33319997787475586
    },
    "inference_latency": 6.7305564880371095e-06,
    "training_duration": 1.1372740268707275
}