{
    "RMSE_loss": {
        "train": 107.18759155273438,
        "validation": 127.53367614746094,
        "test": 85.38469696044922
    },
    "R_squared": {
        "train": 0.32566583156585693,
        "validation": 0.23655587434768677,
        "test": 0.2547263503074646
    },
    "inference_latency": 6.110668182373047e-06,
    "training_duration": 1.0999019145965576
}