{
    "RMSE_loss": {
        "train": 98.55668640136719,
        "validation": 107.55550384521484,
        "test": 92.15036010742188
    },
    "R_squared": {
        "train": 0.4693124294281006,
        "validation": 0.13663053512573242,
        "test": 0.30055171251296997
    },
    "inference_latency": 5.948543548583984e-06,
    "training_duration": 1.0617501735687256
}