{
    "RMSE_loss": {
        "train": 104.46836853027344,
        "validation": 124.67446899414062,
        "test": 84.50204467773438
    },
    "R_squared": {
        "train": 0.35944581031799316,
        "validation": 0.27040380239486694,
        "test": 0.27005499601364136
    },
    "inference_latency": 5.939006805419922e-06,
    "training_duration": 1.0998620986938477
}