{
    "RMSE_loss": {
        "train": 62.637847900390625,
        "validation": 82.98817443847656,
        "test": 124.23236846923828
    },
    "R_squared": {
        "train": 0.7699956297874451,
        "validation": 0.4930762052536011,
        "test": 0.12990808486938477
    },
    "inference_latency": 7.112026214599609e-06,
    "training_duration": 72.41671800613403
}