{
    "RMSE_loss": {
        "train": 211.2353057861328,
        "validation": 148.00318908691406,
        "test": 190.42254638671875
    },
    "R_squared": {
        "train": -1.278503656387329,
        "validation": -2.914081335067749,
        "test": -1.7300193309783936
    },
    "inference_latency": 8.230209350585938e-06,
    "training_duration": 2.9213480949401855
}