{
    "RMSE_loss": {
        "train": 207.28961181640625,
        "validation": 186.89810180664062,
        "test": 184.73802185058594
    },
    "R_squared": {
        "train": -1.3475878238677979,
        "validation": -1.6070010662078857,
        "test": -1.8110857009887695
    },
    "inference_latency": 5.309581756591797e-06,
    "training_duration": 0.9125978946685791
}