{
    "RMSE_loss": {
        "train": 207.1555633544922,
        "validation": 186.76148986816406,
        "test": 184.5934295654297
    },
    "R_squared": {
        "train": -1.344552755355835,
        "validation": -1.6031911373138428,
        "test": -1.806687355041504
    },
    "inference_latency": 5.810260772705078e-06,
    "training_duration": 0.9136409759521484
}