{
    "RMSE_loss": {
        "train": 88.70264434814453,
        "validation": 104.71286010742188,
        "test": 110.26765441894531
    },
    "R_squared": {
        "train": 0.5161513857730453,
        "validation": 0.25582202213359284,
        "test": 0.3940806653517961
    },
    "inference_latency": 4.0137767791748046e-05,
    "training_duration": 20.621158123016357
}