{
    "RMSE_loss": {
        "train": 103.93695068359375,
        "validation": 102.26823425292969,
        "test": 71.27415466308594
    },
    "R_squared": {
        "train": 0.4062504172325134,
        "validation": 0.3274917006492615,
        "test": 0.5085034966468811
    },
    "inference_latency": 6.5112113952636716e-06,
    "training_duration": 1.6664252281188965
}