{
    "RMSE_loss": {
        "train": 195.323486328125,
        "validation": 232.08651733398438,
        "test": 180.5560302734375
    },
    "R_squared": {
        "train": -1.494178295135498,
        "validation": -1.001929521560669,
        "test": -1.5950374603271484
    },
    "inference_latency": 5.950927734375e-06,
    "training_duration": 1.0765700340270996
}