{
    "RMSE_loss": {
        "train": 205.62240600585938,
        "validation": 185.13766479492188,
        "test": 182.91233825683594
    },
    "R_squared": {
        "train": -1.3099768161773682,
        "validation": -1.5581200122833252,
        "test": -1.7557988166809082
    },
    "inference_latency": 6.368160247802735e-06,
    "training_duration": 1.3743832111358643
}