{
    "RMSE_loss": {
        "train": 176.95726013183594,
        "validation": 158.41917419433594,
        "test": 152.00289916992188
    },
    "R_squared": {
        "train": -0.7108170986175537,
        "validation": -0.8730392456054688,
        "test": -0.9031161069869995
    },
    "inference_latency": 5.917549133300781e-06,
    "training_duration": 1.1634008884429932
}