{
    "RMSE_loss": {
        "train": 80.85765838623047,
        "validation": 90.25137329101562,
        "test": 113.8879165649414
    },
    "R_squared": {
        "train": 0.6167300939559937,
        "validation": 0.4004603624343872,
        "test": 0.2687752842903137
    },
    "inference_latency": 7.679462432861328e-06,
    "training_duration": 24.00664973258972
}