{
    "RMSE_loss": {
        "train": 98.27173614501953,
        "validation": 86.4263916015625,
        "test": 120.52880096435547
    },
    "R_squared": {
        "train": 0.3751636743545532,
        "validation": 0.25102418661117554,
        "test": 0.4933655261993408
    },
    "inference_latency": 6.570816040039062e-06,
    "training_duration": 1.6369340419769287
}