{
    "RMSE_loss": {
        "train": 112.5702896118164,
        "validation": 117.51049041748047,
        "test": 102.11186218261719
    },
    "R_squared": {
        "train": 0.2562384605407715,
        "validation": 0.35184216499328613,
        "test": -0.0658794641494751
    },
    "inference_latency": 6.6208839416503905e-06,
    "training_duration": 1.1474080085754395
}