{
    "RMSE_loss": {
        "train": 196.2176513671875,
        "validation": 204.55223083496094,
        "test": 205.89906311035156
    },
    "R_squared": {
        "train": -1.5092923641204834,
        "validation": -1.522434949874878,
        "test": -0.8702411651611328
    },
    "inference_latency": 8.449554443359374e-06,
    "training_duration": 2.0124359130859375
}