{
    "RMSE_loss": {
        "train": 210.3751983642578,
        "validation": 147.49261474609375,
        "test": 189.5519561767578
    },
    "R_squared": {
        "train": -1.259986400604248,
        "validation": -2.887122631072998,
        "test": -1.705113410949707
    },
    "inference_latency": 1.2023448944091797e-05,
    "training_duration": 3.0315868854522705
}