{
    "RMSE_loss": {
        "train": 97.17343139648438,
        "validation": 109.95965576171875,
        "test": 91.40351867675781
    },
    "R_squared": {
        "train": 0.4841043949127197,
        "validation": 0.09760195016860962,
        "test": 0.31184327602386475
    },
    "inference_latency": 6.480216979980469e-06,
    "training_duration": 1.16957688331604
}