{
    "RMSE_loss": {
        "train": 100.98426818847656,
        "validation": 106.85073852539062,
        "test": 92.0888671875
    },
    "R_squared": {
        "train": 0.4428473114967346,
        "validation": 0.1479080319404602,
        "test": 0.30148494243621826
    },
    "inference_latency": 5.931854248046875e-06,
    "training_duration": 1.1966421604156494
}