{
    "RMSE_loss": {
        "train": 97.8694839477539,
        "validation": 115.5194320678711,
        "test": 100.9781265258789
    },
    "R_squared": {
        "train": 0.42978793382644653,
        "validation": 0.1957353949546814,
        "test": 0.3581690192222595
    },
    "inference_latency": 7.259845733642578e-06,
    "training_duration": 2.720986843109131
}