{
    "RMSE_loss": {
        "train": 116.44892120361328,
        "validation": 100.51675415039062,
        "test": 96.9968032836914
    },
    "R_squared": {
        "train": 0.2691817283630371,
        "validation": 0.3532804250717163,
        "test": -0.07780742645263672
    },
    "inference_latency": 7.219314575195313e-06,
    "training_duration": 3.0443880558013916
}