{
    "RMSE_loss": {
        "train": 205.1461639404297,
        "validation": 184.888916015625,
        "test": 182.41026306152344
    },
    "R_squared": {
        "train": -1.2992889881134033,
        "validation": -1.551250696182251,
        "test": -1.7406907081604004
    },
    "inference_latency": 6.451606750488281e-06,
    "training_duration": 1.3583290576934814
}