{
    "RMSE_loss": {
        "train": 103.84546661376953,
        "validation": 104.93603515625,
        "test": 80.64969635009766
    },
    "R_squared": {
        "train": 0.4072951674461365,
        "validation": 0.29194754362106323,
        "test": 0.37069422006607056
    },
    "inference_latency": 7.150173187255859e-06,
    "training_duration": 2.6705658435821533
}