{
    "RMSE_loss": {
        "train": 99.35621643066406,
        "validation": 90.43791198730469,
        "test": 102.47979736328125
    },
    "R_squared": {
        "train": 0.4657612442970276,
        "validation": 0.09843939542770386,
        "test": 0.32866549491882324
    },
    "inference_latency": 6.909370422363281e-06,
    "training_duration": 1.1843550205230713
}