{
    "RMSE_loss": {
        "train": 106.89861297607422,
        "validation": 119.98356628417969,
        "test": 104.996337890625
    },
    "R_squared": {
        "train": 0.37567460536956787,
        "validation": -0.07442200183868408,
        "test": 0.09194982051849365
    },
    "inference_latency": 5.290508270263672e-06,
    "training_duration": 0.8297169208526611
}