{
    "RMSE_loss": {
        "train": 83.95468139648438,
        "validation": 137.8668212890625,
        "test": 122.24945831298828
    },
    "R_squared": {
        "train": 0.41664689779281616,
        "validation": 0.4009700417518616,
        "test": 0.2887321710586548
    },
    "inference_latency": 6.4373016357421875e-06,
    "training_duration": 1.66310715675354
}