{
    "RMSE_loss": {
        "train": 85.79683685302734,
        "validation": 111.44486236572266,
        "test": 110.55567932128906
    },
    "R_squared": {
        "train": 0.5335255265235901,
        "validation": 0.44233518838882446,
        "test": 0.1918054223060608
    },
    "inference_latency": 7.731914520263672e-06,
    "training_duration": 15.417727947235107
}