{
    "RMSE_loss": {
        "train": 91.47595977783203,
        "validation": 102.67754364013672,
        "test": 111.61153411865234
    },
    "R_squared": {
        "train": 0.48542290043622704,
        "validation": 0.28447018868991314,
        "test": 0.37922152204815684
    },
    "inference_latency": 2.9993057250976562e-05,
    "training_duration": 24.27517032623291
}