{
    "RMSE_loss": {
        "train": 94.62937927246094,
        "validation": 126.39107513427734,
        "test": 84.28937530517578
    },
    "R_squared": {
        "train": 0.4179809093475342,
        "validation": 0.3834618926048279,
        "test": 0.4555383324623108
    },
    "inference_latency": 6.208419799804687e-06,
    "training_duration": 1.1198339462280273
}