{
    "RMSE_loss": {
        "train": 211.98028564453125,
        "validation": 148.67367553710938,
        "test": 191.2245330810547
    },
    "R_squared": {
        "train": -1.2946038246154785,
        "validation": -2.949625015258789,
        "test": -1.753063440322876
    },
    "inference_latency": 1.2521743774414063e-05,
    "training_duration": 1.5841560363769531
}