{
    "RMSE_loss": {
        "train": 98.93036651611328,
        "validation": 107.19319152832031,
        "test": 90.79856872558594
    },
    "R_squared": {
        "train": 0.4652804732322693,
        "validation": 0.14243745803833008,
        "test": 0.32092225551605225
    },
    "inference_latency": 6.389617919921875e-06,
    "training_duration": 1.0611169338226318
}