{
    "RMSE_loss": {
        "train": 196.8820037841797,
        "validation": 177.0475311279297,
        "test": 173.8633270263672
    },
    "R_squared": {
        "train": -1.1177701950073242,
        "validation": -1.3394360542297363,
        "test": -1.4898748397827148
    },
    "inference_latency": 6.2918663024902345e-06,
    "training_duration": 1.0707619190216064
}