{
    "RMSE_loss": {
        "train": 203.23504638671875,
        "validation": 183.1648712158203,
        "test": 180.82672119140625
    },
    "R_squared": {
        "train": -1.2566485404968262,
        "validation": -1.5038933753967285,
        "test": -1.693312406539917
    },
    "inference_latency": 6.079673767089844e-06,
    "training_duration": 0.9467887878417969
}