{
    "RMSE_loss": {
        "train": 195.1644287109375,
        "validation": 231.8684844970703,
        "test": 180.4912872314453
    },
    "R_squared": {
        "train": -1.4901180267333984,
        "validation": -0.9981698989868164,
        "test": -1.5931766033172607
    },
    "inference_latency": 6.017684936523437e-06,
    "training_duration": 1.0546929836273193
}