{
    "RMSE_loss": {
        "train": 211.08436584472656,
        "validation": 147.99371337890625,
        "test": 190.1986541748047
    },
    "R_squared": {
        "train": -1.2752487659454346,
        "validation": -2.9135804176330566,
        "test": -1.7236032485961914
    },
    "inference_latency": 1.1382102966308594e-05,
    "training_duration": 3.048103094100952
}