{
    "RMSE_loss": {
        "train": 206.42892456054688,
        "validation": 200.97640991210938,
        "test": 172.66224670410156
    },
    "R_squared": {
        "train": -1.353482961654663,
        "validation": -1.397660493850708,
        "test": -2.1073224544525146
    },
    "inference_latency": 8.089542388916016e-06,
    "training_duration": 1.6342852115631104
}