{
    "RMSE_loss": {
        "train": 100.13168334960938,
        "validation": 89.15824127197266,
        "test": 129.20883178710938
    },
    "R_squared": {
        "train": 0.351287841796875,
        "validation": 0.2029271125793457,
        "test": 0.41776609420776367
    },
    "inference_latency": 7.412433624267578e-06,
    "training_duration": 2.6795461177825928
}