{
    "RMSE_loss": {
        "train": 207.0404510498047,
        "validation": 186.65182495117188,
        "test": 184.4791717529297
    },
    "R_squared": {
        "train": -1.3419475555419922,
        "validation": -1.600135087966919,
        "test": -1.8032135963439941
    },
    "inference_latency": 6.079673767089844e-06,
    "training_duration": 1.011120319366455
}