{
    "RMSE_loss": {
        "train": 93.90743255615234,
        "validation": 128.5563507080078,
        "test": 94.43162536621094
    },
    "R_squared": {
        "train": 0.42347443103790283,
        "validation": 0.38576292991638184,
        "test": 0.29016971588134766
    },
    "inference_latency": 6.2894821166992185e-06,
    "training_duration": 1.1371550559997559
}