{
    "RMSE_loss": {
        "train": 99.85987091064453,
        "validation": 91.51834106445312,
        "test": 102.1035385131836
    },
    "R_squared": {
        "train": 0.4603312611579895,
        "validation": 0.07676941156387329,
        "test": 0.33358603715896606
    },
    "inference_latency": 6.7305564880371095e-06,
    "training_duration": 1.210935115814209
}