{
    "RMSE_loss": {
        "train": 107.12792205810547,
        "validation": 109.31026458740234,
        "test": 105.11689758300781
    },
    "R_squared": {
        "train": 0.3729934096336365,
        "validation": 0.10822910070419312,
        "test": 0.0898633599281311
    },
    "inference_latency": 5.60760498046875e-06,
    "training_duration": 0.8585052490234375
}