{
    "RMSE_loss": {
        "train": 205.89820861816406,
        "validation": 185.5442657470703,
        "test": 183.29171752929688
    },
    "R_squared": {
        "train": -1.3161776065826416,
        "validation": -1.569368839263916,
        "test": -1.767242670059204
    },
    "inference_latency": 6.248950958251953e-06,
    "training_duration": 0.9378218650817871
}