{
    "RMSE_loss": {
        "train": 99.95500183105469,
        "validation": 107.7932357788086,
        "test": 102.25552368164062
    },
    "R_squared": {
        "train": 0.40522754192352295,
        "validation": 0.29971981048583984,
        "test": 0.3418276906013489
    },
    "inference_latency": 6.809234619140625e-06,
    "training_duration": 1.6610591411590576
}