{
    "RMSE_loss": {
        "train": 96.91480255126953,
        "validation": 110.42138671875,
        "test": 91.51097106933594
    },
    "R_squared": {
        "train": 0.4868468642234802,
        "validation": 0.09000760316848755,
        "test": 0.31022435426712036
    },
    "inference_latency": 5.970001220703125e-06,
    "training_duration": 1.1689372062683105
}