{
    "RMSE_loss": {
        "train": 190.26071166992188,
        "validation": 133.83087158203125,
        "test": 170.57717895507812
    },
    "R_squared": {
        "train": -0.8484810590744019,
        "validation": -2.200371265411377,
        "test": -1.1906390190124512
    },
    "inference_latency": 7.779598236083985e-06,
    "training_duration": 2.070183753967285
}