{
    "RMSE_loss": {
        "train": 206.2527313232422,
        "validation": 185.81605529785156,
        "test": 183.61160278320312
    },
    "R_squared": {
        "train": -1.3241608142852783,
        "validation": -1.5769016742706299,
        "test": -1.7769100666046143
    },
    "inference_latency": 5.76019287109375e-06,
    "training_duration": 0.9704108238220215
}