{
    "RMSE_loss": {
        "train": 97.80426025390625,
        "validation": 107.34508514404297,
        "test": 92.37120056152344
    },
    "R_squared": {
        "train": 0.47738438844680786,
        "validation": 0.14000540971755981,
        "test": 0.2971952557563782
    },
    "inference_latency": 6.101131439208984e-06,
    "training_duration": 1.0571160316467285
}