{
    "RMSE_loss": {
        "train": 99.351806640625,
        "validation": 109.64835357666016,
        "test": 92.93772888183594
    },
    "R_squared": {
        "train": 0.46071505546569824,
        "validation": 0.10270416736602783,
        "test": 0.28854799270629883
    },
    "inference_latency": 6.091594696044922e-06,
    "training_duration": 1.0258910655975342
}