{
    "validation_accuracy": 0.4206896551724138,
    "precision": 0.43053735527750375,
    "recall": 0.4214847816974176,
    "f1_score": 0.4193955542466644
}