{
    "Train": {
        "accuracy": 0.9655172413793104,
        "precision": 0.9685966061085984,
        "recall": 0.9651254149572714,
        "f1": 0.9664208453812414
    },
    "Validation": {
        "accuracy": 0.43448275862068964,
        "precision": 0.4483991628053781,
        "recall": 0.43971339120235003,
        "f1_score": 0.43569112385575115
    },
    "Test": {
        "accuracy": 0.39759036144578314,
        "precision": 0.4117325463636939,
        "recall": 0.399563492063492,
        "f1": 0.4006490646757822
    }
}