{
    "validation_accuracy": 0.42758620689655175,
    "precision": 0.4213977969991053,
    "recall": 0.4308744068417612,
    "f1_score": 0.42155854794421066
}