{
    "validation_accuracy": 0.43448275862068964,
    "precision": 0.4483991628053781,
    "recall": 0.43971339120235003,
    "f1_score": 0.43569112385575115
}