{
    "Train": {
        "accuracy": 0.9655172413793104,
        "precision": 0.9685966061085984,
        "recall": 0.9651254149572714,
        "f1": 0.9664208453812414
    },
    "Validation": {
        "accuracy": 0.43103448275862066,
        "precision": 0.4429250543536257,
        "recall": 0.43187824295457433,
        "f1_score": 0.42808513634815987
    },
    "Test": {
        "accuracy": 0.42570281124497994,
        "precision": 0.4436030983429748,
        "recall": 0.42924603174603176,
        "f1": 0.43051174131209624
    }
}