{
    "validation_accuracy": 0.41379310344827586,
    "precision": 0.4293457828755011,
    "recall": 0.4167473454225196,
    "f1_score": 0.41751945405552676
}