{
    "validation_accuracy": 0.41724137931034483,
    "precision": 0.41462533901786236,
    "recall": 0.41182169549533604,
    "f1_score": 0.4055564718479068
}