{
    "accuracy": {
        "train": 0.9448275862068966,
        "validation": 0.43103448275862066,
        "test": 0.37349397590361444
    },
    "precision": {
        "train": 0.948716608849798,
        "validation": 0.43275415920151217,
        "test": 0.37138140417457305
    },
    "recall": {
        "train": 0.9448556736669259,
        "validation": 0.42793547791793485,
        "test": 0.37272486772486774
    },
    "f1_score": {
        "train": 0.9461008133108979,
        "validation": 0.4193899599840057,
        "test": 0.3670530030193896
    }
}