{
    "validation_accuracy": 0.4,
    "precision": 0.41690888476602767,
    "recall": 0.4004665539297211,
    "f1_score": 0.40141896139355193
}