{
    "Train": {
        "accuracy": 1.0,
        "precision": 1.0,
        "recall": 1.0,
        "f1": 1.0
    },
    "Validation": {
        "accuracy": 0.4068965517241379,
        "precision": 0.4141253294991613,
        "recall": 0.40738986836976776,
        "f1_score": 0.40315337142122976
    },
    "Test": {
        "accuracy": 0.40562248995983935,
        "precision": 0.4086236248914153,
        "recall": 0.4065740740740741,
        "f1": 0.40503219519185985
    }
}