{
    "RMSE_loss": {
        "train": 102.24959564208984,
        "validation": 101.29058074951172,
        "test": 104.8293228149414
    },
    "R_squared": {
        "train": 0.3776066303253174,
        "validation": 0.381660521030426,
        "test": 0.30827796459198
    },
    "inference_latency": 7.419586181640625e-06,
    "training_duration": 2.675144910812378
}