{
    "RMSE_loss": {
        "train": 97.5497055053711,
        "validation": 112.31896209716797,
        "test": 102.1507797241211
    },
    "R_squared": {
        "train": 0.43350809812545776,
        "validation": 0.23968243598937988,
        "test": 0.34317541122436523
    },
    "inference_latency": 6.7305564880371095e-06,
    "training_duration": 1.6591238975524902
}