{
    "RMSE_loss": {
        "train": 211.76808166503906,
        "validation": 148.3997344970703,
        "test": 190.89512634277344
    },
    "R_squared": {
        "train": -1.2900121212005615,
        "validation": -2.9350833892822266,
        "test": -1.7435863018035889
    },
    "inference_latency": 8.082389831542968e-06,
    "training_duration": 1.6993539333343506
}