{
    "RMSE_loss": {
        "train": 198.34300231933594,
        "validation": 206.19772338867188,
        "test": 207.65809631347656
    },
    "R_squared": {
        "train": -1.5639457702636719,
        "validation": -1.563180923461914,
        "test": -0.9023333787918091
    },
    "inference_latency": 7.140636444091797e-06,
    "training_duration": 1.5465657711029053
}