{
    "RMSE_loss": {
        "train": 104.38724517822266,
        "validation": 115.83280181884766,
        "test": 101.85245513916016
    },
    "R_squared": {
        "train": 0.40466463565826416,
        "validation": -0.0013698339462280273,
        "test": 0.1455148458480835
    },
    "inference_latency": 5.419254302978516e-06,
    "training_duration": 0.835716962814331
}