{
    "RMSE_loss": {
        "train": 195.92306518554688,
        "validation": 176.442138671875,
        "test": 172.8939666748047
    },
    "R_squared": {
        "train": -1.0971906185150146,
        "validation": -1.3234643936157227,
        "test": -1.4621882438659668
    },
    "inference_latency": 6.260871887207032e-06,
    "training_duration": 1.0440599918365479
}