{
    "RMSE_loss": {
        "train": 206.186767578125,
        "validation": 185.7161102294922,
        "test": 183.5425262451172
    },
    "R_squared": {
        "train": -1.3226747512817383,
        "validation": -1.5741302967071533,
        "test": -1.7748208045959473
    },
    "inference_latency": 5.867481231689453e-06,
    "training_duration": 0.998431921005249
}