{
    "RMSE_loss": {
        "train": 205.81886291503906,
        "validation": 185.45645141601562,
        "test": 183.2280731201172
    },
    "R_squared": {
        "train": -1.3143930435180664,
        "validation": -1.5669376850128174,
        "test": -1.7653212547302246
    },
    "inference_latency": 5.979537963867187e-06,
    "training_duration": 0.9647300243377686
}