{
    "RMSE_loss": {
        "train": 206.0733184814453,
        "validation": 185.69273376464844,
        "test": 183.51300048828125
    },
    "R_squared": {
        "train": -1.3201196193695068,
        "validation": -1.5734827518463135,
        "test": -1.773927927017212
    },
    "inference_latency": 5.991458892822265e-06,
    "training_duration": 1.4820098876953125
}