{
    "RMSE_loss": {
        "train": 207.1288604736328,
        "validation": 186.73196411132812,
        "test": 184.55606079101562
    },
    "R_squared": {
        "train": -1.3439483642578125,
        "validation": -1.6023681163787842,
        "test": -1.8055505752563477
    },
    "inference_latency": 5.681514739990234e-06,
    "training_duration": 1.1018779277801514
}