{
    "RMSE_loss": {
        "train": 205.64456176757812,
        "validation": 145.3686981201172,
        "test": 185.10028076171875
    },
    "R_squared": {
        "train": -1.1594898700714111,
        "validation": -2.7759788036346436,
        "test": -1.579545021057129
    },
    "inference_latency": 1.4829635620117188e-05,
    "training_duration": 1.752039909362793
}