{
    "RMSE_loss": {
        "train": 205.6536865234375,
        "validation": 185.3461151123047,
        "test": 182.98040771484375
    },
    "R_squared": {
        "train": -1.3106796741485596,
        "validation": -1.5638842582702637,
        "test": -1.7578506469726562
    },
    "inference_latency": 6.170272827148437e-06,
    "training_duration": 1.13027024269104
}