{
    "RMSE_loss": {
        "train": 99.34905242919922,
        "validation": 109.40618896484375,
        "test": 92.31954956054688
    },
    "R_squared": {
        "train": 0.46074485778808594,
        "validation": 0.10666334629058838,
        "test": 0.2979809641838074
    },
    "inference_latency": 5.4097175598144534e-06,
    "training_duration": 0.8606488704681396
}