{
    "RMSE_loss": {
        "train": 100.05133819580078,
        "validation": 109.069580078125,
        "test": 96.15043640136719
    },
    "R_squared": {
        "train": 0.4530940651893616,
        "validation": 0.1121518611907959,
        "test": 0.23851031064987183
    },
    "inference_latency": 5.9199333190917965e-06,
    "training_duration": 0.9403729438781738
}