{
    "RMSE_loss": {
        "train": 103.16354370117188,
        "validation": 102.570556640625,
        "test": 121.350830078125
    },
    "R_squared": {
        "train": 0.4131019115447998,
        "validation": 0.2236706018447876,
        "test": -0.14398479461669922
    },
    "inference_latency": 6.630420684814453e-06,
    "training_duration": 1.6737751960754395
}