{
    "RMSE_loss": {
        "train": 207.1827850341797,
        "validation": 186.78897094726562,
        "test": 184.62533569335938
    },
    "R_squared": {
        "train": -1.3451690673828125,
        "validation": -1.6039574146270752,
        "test": -1.8076577186584473
    },
    "inference_latency": 6.358623504638672e-06,
    "training_duration": 1.4122750759124756
}