{
    "RMSE_loss": {
        "train": 83.79487609863281,
        "validation": 143.4967041015625,
        "test": 122.09646606445312
    },
    "R_squared": {
        "train": 0.4188656210899353,
        "validation": 0.3510476350784302,
        "test": 0.2905113697052002
    },
    "inference_latency": 6.861686706542969e-06,
    "training_duration": 1.7066309452056885
}