{
    "RMSE_loss": {
        "train": 98.96321105957031,
        "validation": 150.1374053955078,
        "test": 154.73597717285156
    },
    "R_squared": {
        "train": 0.18261009454727173,
        "validation": 0.14028793573379517,
        "test": 0.14278119802474976
    },
    "inference_latency": 7.681846618652343e-06,
    "training_duration": 2.747859239578247
}