{
    "RMSE_loss": {
        "train": 203.9730987548828,
        "validation": 198.798828125,
        "test": 170.40138244628906
    },
    "R_squared": {
        "train": -1.2978181838989258,
        "validation": -1.3459842205047607,
        "test": -2.026479482650757
    },
    "inference_latency": 7.250308990478516e-06,
    "training_duration": 1.5403220653533936
}