{
    "RMSE_loss": {
        "train": 197.95993041992188,
        "validation": 177.9261474609375,
        "test": 174.86856079101562
    },
    "R_squared": {
        "train": -1.1410231590270996,
        "validation": -1.362713098526001,
        "test": -1.518749713897705
    },
    "inference_latency": 6.270408630371094e-06,
    "training_duration": 1.2625880241394043
}