{
    "RMSE_loss": {
        "train": 106.70862579345703,
        "validation": 124.3960189819336,
        "test": 83.39456939697266
    },
    "R_squared": {
        "train": 0.3316788077354431,
        "validation": 0.2736591696739197,
        "test": 0.28906285762786865
    },
    "inference_latency": 6.0009956359863285e-06,
    "training_duration": 1.106013298034668
}