{
    "RMSE_loss": {
        "train": 84.676513671875,
        "validation": 116.57325744628906,
        "test": 119.28167724609375
    },
    "R_squared": {
        "train": 0.5142008318293272,
        "validation": 0.16607489725614866,
        "test": 0.4389079528405072
    },
    "inference_latency": 3.304243087768555e-05,
    "training_duration": 18.748815536499023
}