{
    "RMSE_loss": {
        "train": 172.78363037109375,
        "validation": 153.58511352539062,
        "test": 169.0422821044922
    },
    "R_squared": {
        "train": -0.7259294986724854,
        "validation": -0.727655291557312,
        "test": -0.7414041757583618
    },
    "inference_latency": 6.039142608642578e-06,
    "training_duration": 1.099416971206665
}