{
    "RMSE_loss": {
        "train": 207.14337158203125,
        "validation": 186.75201416015625,
        "test": 184.57456970214844
    },
    "R_squared": {
        "train": -1.3442766666412354,
        "validation": -1.6029269695281982,
        "test": -1.8061134815216064
    },
    "inference_latency": 5.371570587158203e-06,
    "training_duration": 0.9592139720916748
}