{
    "RMSE_loss": {
        "train": 198.27783203125,
        "validation": 206.13499450683594,
        "test": 207.67333984375
    },
    "R_squared": {
        "train": -1.5622615814208984,
        "validation": -1.5616216659545898,
        "test": -0.9026126861572266
    },
    "inference_latency": 8.671283721923828e-06,
    "training_duration": 1.5630300045013428
}