{
    "RMSE_loss": {
        "train": 207.09950256347656,
        "validation": 186.70616149902344,
        "test": 184.5320587158203
    },
    "R_squared": {
        "train": -1.3432838916778564,
        "validation": -1.6016488075256348,
        "test": -1.804821252822876
    },
    "inference_latency": 6.160736083984375e-06,
    "training_duration": 0.9093029499053955
}