{
    "RMSE_loss": {
        "train": 207.05807495117188,
        "validation": 186.66786193847656,
        "test": 184.49900817871094
    },
    "R_squared": {
        "train": -1.342346429824829,
        "validation": -1.6005818843841553,
        "test": -1.8038170337677002
    },
    "inference_latency": 5.731582641601562e-06,
    "training_duration": 0.9079728126525879
}