{
    "RMSE_loss": {
        "train": 81.61433410644531,
        "validation": 91.72811126708984,
        "test": 112.83216094970703
    },
    "R_squared": {
        "train": 0.5918847858931007,
        "validation": 0.3486338079183754,
        "test": 0.4184970256008569
    },
    "inference_latency": 2.0003318786621095e-05,
    "training_duration": 48.980637073516846
}