{
    "RMSE_loss": {
        "train": 105.71238708496094,
        "validation": 85.57698059082031,
        "test": 84.23694610595703
    },
    "R_squared": {
        "train": 0.3977314233779907,
        "validation": 0.5312372446060181,
        "test": 0.18711042404174805
    },
    "inference_latency": 6.568431854248047e-06,
    "training_duration": 1.6291639804840088
}