{
    "RMSE_loss": {
        "train": 206.05712890625,
        "validation": 185.71864318847656,
        "test": 183.5269317626953
    },
    "R_squared": {
        "train": -1.3197546005249023,
        "validation": -1.5742008686065674,
        "test": -1.7743489742279053
    },
    "inference_latency": 5.698204040527343e-06,
    "training_duration": 0.9162731170654297
}