{
    "RMSE_loss": {
        "train": 206.77711486816406,
        "validation": 186.38462829589844,
        "test": 184.20913696289062
    },
    "R_squared": {
        "train": -1.335994005203247,
        "validation": -1.592695951461792,
        "test": -1.7950129508972168
    },
    "inference_latency": 6.6208839416503905e-06,
    "training_duration": 1.443376064300537
}