{
    "RMSE_loss": {
        "train": 207.17164611816406,
        "validation": 186.7647705078125,
        "test": 184.62020874023438
    },
    "R_squared": {
        "train": -1.344916582107544,
        "validation": -1.6032824516296387,
        "test": -1.8075015544891357
    },
    "inference_latency": 6.198883056640625e-06,
    "training_duration": 0.9998641014099121
}