{
    "RMSE_loss": {
        "train": 95.33732604980469,
        "validation": 105.62283325195312,
        "test": 101.00543212890625
    },
    "R_squared": {
        "train": 0.4338548183441162,
        "validation": 0.39440226554870605,
        "test": 0.40844255685806274
    },
    "inference_latency": 6.9880485534667966e-06,
    "training_duration": 1.705733060836792
}