{
    "RMSE_loss": {
        "train": 99.8884506225586,
        "validation": 124.2415542602539,
        "test": 90.9804916381836
    },
    "R_squared": {
        "train": 0.414378821849823,
        "validation": 0.2754618525505066,
        "test": 0.15384048223495483
    },
    "inference_latency": 6.268024444580078e-06,
    "training_duration": 1.181941032409668
}