{
    "RMSE_loss": {
        "train": 205.60072326660156,
        "validation": 185.3120880126953,
        "test": 182.95700073242188
    },
    "R_squared": {
        "train": -1.3094902038574219,
        "validation": -1.5629427433013916,
        "test": -1.7571449279785156
    },
    "inference_latency": 5.748271942138672e-06,
    "training_duration": 1.3491389751434326
}