{
    "RMSE_loss": {
        "train": 212.4097900390625,
        "validation": 149.02699279785156,
        "test": 191.56524658203125
    },
    "R_squared": {
        "train": -1.3039114475250244,
        "validation": -2.9684195518493652,
        "test": -1.7628824710845947
    },
    "inference_latency": 7.93933868408203e-06,
    "training_duration": 2.22091007232666
}