{
    "RMSE_loss": {
        "train": 177.5137939453125,
        "validation": 147.8446502685547,
        "test": 170.50355529785156
    },
    "R_squared": {
        "train": -0.7053341865539551,
        "validation": -1.4093787670135498,
        "test": -0.8583577871322632
    },
    "inference_latency": 6.420612335205078e-06,
    "training_duration": 1.136296033859253
}