{
    "RMSE_loss": {
        "train": 177.78860473632812,
        "validation": 159.70823669433594,
        "test": 154.21383666992188
    },
    "R_squared": {
        "train": -0.7269294261932373,
        "validation": -0.9036452770233154,
        "test": -0.9588817358016968
    },
    "inference_latency": 6.551742553710938e-06,
    "training_duration": 1.1607770919799805
}