{
    "RMSE_loss": {
        "train": 206.09613037109375,
        "validation": 185.7467041015625,
        "test": 183.4512481689453
    },
    "R_squared": {
        "train": -1.3206329345703125,
        "validation": -1.5749788284301758,
        "test": -1.7720615863800049
    },
    "inference_latency": 6.148815155029297e-06,
    "training_duration": 1.3657379150390625
}