{
    "RMSE_loss": {
        "train": 172.065185546875,
        "validation": 143.31277465820312,
        "test": 164.9443817138672
    },
    "R_squared": {
        "train": -0.6022536754608154,
        "validation": -1.2639336585998535,
        "test": -0.7391519546508789
    },
    "inference_latency": 6.897449493408203e-06,
    "training_duration": 1.1422536373138428
}