{
    "RMSE_loss": {
        "train": 105.05210876464844,
        "validation": 82.84093475341797,
        "test": 83.81967163085938
    },
    "R_squared": {
        "train": 0.4052313566207886,
        "validation": 0.5607324242591858,
        "test": 0.19514399766921997
    },
    "inference_latency": 6.482601165771485e-06,
    "training_duration": 1.5785059928894043
}