{
    "RMSE_loss": {
        "train": 79.15555572509766,
        "validation": 131.33274841308594,
        "test": 122.4344482421875
    },
    "R_squared": {
        "train": 0.4872787214700991,
        "validation": 0.41464364551572797,
        "test": 0.3645554532721207
    },
    "inference_latency": 2.9718875885009767e-05,
    "training_duration": 16.6057288646698
}