{
    "RMSE_loss": {
        "train": 205.88917541503906,
        "validation": 145.48904418945312,
        "test": 185.47117614746094
    },
    "R_squared": {
        "train": -1.16463041305542,
        "validation": -2.782233238220215,
        "test": -1.589892864227295
    },
    "inference_latency": 1.0569095611572265e-05,
    "training_duration": 3.2537879943847656
}