{
    "RMSE_loss": {
        "train": 90.71495819091797,
        "validation": 118.73509216308594,
        "test": 102.02252197265625
    },
    "R_squared": {
        "train": 0.5381213136678633,
        "validation": 0.22906936544407885,
        "test": -0.07791963031377835
    },
    "inference_latency": 8.000373840332031e-05,
    "training_duration": 27.69959020614624
}