{
    "RMSE_loss": {
        "train": 211.02674865722656,
        "validation": 148.082275390625,
        "test": 190.21353149414062
    },
    "R_squared": {
        "train": -1.2740068435668945,
        "validation": -2.9182653427124023,
        "test": -1.724029302597046
    },
    "inference_latency": 8.511543273925782e-06,
    "training_duration": 2.2612481117248535
}