{
    "RMSE_loss": {
        "train": 206.39187622070312,
        "validation": 185.98670959472656,
        "test": 183.80474853515625
    },
    "R_squared": {
        "train": -1.3272981643676758,
        "validation": -1.5816376209259033,
        "test": -1.7827553749084473
    },
    "inference_latency": 6.43014907836914e-06,
    "training_duration": 1.3750710487365723
}