{
    "RMSE_loss": {
        "train": 204.8665313720703,
        "validation": 208.1927490234375,
        "test": 174.04739379882812
    },
    "R_squared": {
        "train": -1.3379218578338623,
        "validation": -1.2161979675292969,
        "test": -2.0041937828063965
    },
    "inference_latency": 7.817745208740234e-06,
    "training_duration": 0.8201909065246582
}