{
    "RMSE_loss": {
        "train": 116.58503723144531,
        "validation": 108.46047973632812,
        "test": 122.39916229248047
    },
    "R_squared": {
        "train": 0.250458300113678,
        "validation": 0.1319522261619568,
        "test": -0.1638355255126953
    },
    "inference_latency": 6.608963012695312e-06,
    "training_duration": 1.6814086437225342
}