{
    "RMSE_loss": {
        "train": 166.5073699951172,
        "validation": 173.44566345214844,
        "test": 184.5523681640625
    },
    "R_squared": {
        "train": -0.7932429313659668,
        "validation": -0.8614743947982788,
        "test": -0.5028769969940186
    },
    "inference_latency": 6.372928619384766e-06,
    "training_duration": 1.153074026107788
}