{
    "RMSE_loss": {
        "train": 81.85940551757812,
        "validation": 117.01576232910156,
        "test": 99.7701187133789
    },
    "R_squared": {
        "train": 0.6238965612450803,
        "validation": 0.251234348719069,
        "test": -0.030849378749175482
    },
    "inference_latency": 5.7647228240966795e-05,
    "training_duration": 50.874672412872314
}