{
    "RMSE_loss": {
        "train": 207.254150390625,
        "validation": 186.86328125,
        "test": 184.69802856445312
    },
    "R_squared": {
        "train": -1.3467848300933838,
        "validation": -1.606029748916626,
        "test": -1.8098690509796143
    },
    "inference_latency": 5.9604644775390625e-06,
    "training_duration": 1.123945951461792
}