{
    "RMSE_loss": {
        "train": 211.9691619873047,
        "validation": 148.50987243652344,
        "test": 191.17245483398438
    },
    "R_squared": {
        "train": -1.2943627834320068,
        "validation": -2.9409265518188477,
        "test": -1.7515642642974854
    },
    "inference_latency": 8.790493011474609e-06,
    "training_duration": 1.61918306350708
}