{
    "RMSE_loss": {
        "train": 109.10022735595703,
        "validation": 69.79983520507812,
        "test": 95.349365234375
    },
    "R_squared": {
        "train": 0.3921896815299988,
        "validation": 0.12944436073303223,
        "test": 0.3155140280723572
    },
    "inference_latency": 9.13858413696289e-06,
    "training_duration": 1.5561699867248535
}