{
    "RMSE_loss": {
        "train": 206.04864501953125,
        "validation": 185.6814727783203,
        "test": 183.4047393798828
    },
    "R_squared": {
        "train": -1.319563388824463,
        "validation": -1.5731704235076904,
        "test": -1.7706563472747803
    },
    "inference_latency": 6.127357482910156e-06,
    "training_duration": 1.3798332214355469
}