{
    "RMSE_loss": {
        "train": 207.15792846679688,
        "validation": 186.76551818847656,
        "test": 184.59461975097656
    },
    "R_squared": {
        "train": -1.3446059226989746,
        "validation": -1.6033034324645996,
        "test": -1.8067231178283691
    },
    "inference_latency": 6.241798400878906e-06,
    "training_duration": 1.439950942993164
}