{
    "RMSE_loss": {
        "train": 212.12493896484375,
        "validation": 148.5697479248047,
        "test": 191.26441955566406
    },
    "R_squared": {
        "train": -1.297736406326294,
        "validation": -2.9441051483154297,
        "test": -1.7542119026184082
    },
    "inference_latency": 1.0671615600585937e-05,
    "training_duration": 2.207810163497925
}