{
    "RMSE_loss": {
        "train": 102.15834045410156,
        "validation": 105.97711944580078,
        "test": 98.26801300048828
    },
    "R_squared": {
        "train": 0.4236084222793579,
        "validation": 0.3333134055137634,
        "test": -0.0065048933029174805
    },
    "inference_latency": 8.480548858642578e-06,
    "training_duration": 1.5058696269989014
}