{
    "RMSE_loss": {
        "train": 107.17567443847656,
        "validation": 114.62232971191406,
        "test": 102.9989013671875
    },
    "R_squared": {
        "train": 0.372434139251709,
        "validation": 0.01944977045059204,
        "test": 0.12617051601409912
    },
    "inference_latency": 5.571842193603516e-06,
    "training_duration": 0.9071042537689209
}