{
    "RMSE_loss": {
        "train": 202.89346313476562,
        "validation": 195.6836700439453,
        "test": 192.55165100097656
    },
    "R_squared": {
        "train": -1.2701067924499512,
        "validation": -1.825594186782837,
        "test": -1.8802437782287598
    },
    "inference_latency": 6.210803985595703e-06,
    "training_duration": 1.16690993309021
}