{
    "RMSE_loss": {
        "train": 203.47799682617188,
        "validation": 183.2431640625,
        "test": 180.61618041992188
    },
    "R_squared": {
        "train": -1.262047529220581,
        "validation": -1.5060338973999023,
        "test": -1.687044382095337
    },
    "inference_latency": 6.022453308105469e-06,
    "training_duration": 0.9707472324371338
}