{
    "RMSE_loss": {
        "train": 207.04449462890625,
        "validation": 186.65911865234375,
        "test": 184.4986114501953
    },
    "R_squared": {
        "train": -1.3420393466949463,
        "validation": -1.6003382205963135,
        "test": -1.803804636001587
    },
    "inference_latency": 5.872249603271484e-06,
    "training_duration": 0.9747300148010254
}