{
    "RMSE_loss": {
        "train": 97.17725372314453,
        "validation": 109.23278045654297,
        "test": 93.11870574951172
    },
    "R_squared": {
        "train": 0.4840638041496277,
        "validation": 0.1094929575920105,
        "test": 0.28577446937561035
    },
    "inference_latency": 5.98907470703125e-06,
    "training_duration": 1.2111430168151855
}