{
    "RMSE_loss": {
        "train": 84.01954650878906,
        "validation": 101.73226928710938,
        "test": 112.21892547607422
    },
    "R_squared": {
        "train": 0.5861688852310181,
        "validation": 0.23822331428527832,
        "test": 0.2900499701499939
    },
    "inference_latency": 7.321834564208985e-06,
    "training_duration": 18.988546133041382
}