{
    "RMSE_loss": {
        "train": 207.180908203125,
        "validation": 186.8002471923828,
        "test": 184.63853454589844
    },
    "R_squared": {
        "train": -1.3451266288757324,
        "validation": -1.604271650314331,
        "test": -1.8080589771270752
    },
    "inference_latency": 6.110668182373047e-06,
    "training_duration": 1.0531270503997803
}