{
    "RMSE_loss": {
        "train": 112.06318664550781,
        "validation": 129.38621520996094,
        "test": 105.60936737060547
    },
    "R_squared": {
        "train": 0.2629242539405823,
        "validation": 0.21421539783477783,
        "test": -0.1401463747024536
    },
    "inference_latency": 6.670951843261719e-06,
    "training_duration": 1.164686679840088
}