{
    "RMSE_loss": {
        "train": 206.21810913085938,
        "validation": 185.8824005126953,
        "test": 183.64913940429688
    },
    "R_squared": {
        "train": -1.323380947113037,
        "validation": -1.578742265701294,
        "test": -1.7780451774597168
    },
    "inference_latency": 5.750656127929688e-06,
    "training_duration": 1.054720163345337
}