{
    "RMSE_loss": {
        "train": 210.72650146484375,
        "validation": 147.8678741455078,
        "test": 189.9875946044922
    },
    "R_squared": {
        "train": -1.267540454864502,
        "validation": -2.9069278240203857,
        "test": -1.7175617218017578
    },
    "inference_latency": 8.418560028076172e-06,
    "training_duration": 2.9538567066192627
}