{
    "RMSE_loss": {
        "train": 204.05213928222656,
        "validation": 183.801025390625,
        "test": 181.28857421875
    },
    "R_squared": {
        "train": -1.2748310565948486,
        "validation": -1.5213158130645752,
        "test": -1.7070882320404053
    },
    "inference_latency": 6.239414215087891e-06,
    "training_duration": 0.9727308750152588
}