{
    "RMSE_loss": {
        "train": 85.27051544189453,
        "validation": 141.92538452148438,
        "test": 125.29906463623047
    },
    "R_squared": {
        "train": 0.39821773767471313,
        "validation": 0.365182101726532,
        "test": 0.25280332565307617
    },
    "inference_latency": 6.3610076904296874e-06,
    "training_duration": 1.699260950088501
}