{
    "RMSE_loss": {
        "train": 174.0054168701172,
        "validation": 142.72422790527344,
        "test": 165.73419189453125
    },
    "R_squared": {
        "train": -0.638592004776001,
        "validation": -1.2453773021697998,
        "test": -0.7558472156524658
    },
    "inference_latency": 6.6614151000976566e-06,
    "training_duration": 1.1419050693511963
}