{
    "RMSE_loss": {
        "train": 93.53298950195312,
        "validation": 124.92618560791016,
        "test": 84.56277465820312
    },
    "R_squared": {
        "train": 0.4313895106315613,
        "validation": 0.39767056703567505,
        "test": 0.45200055837631226
    },
    "inference_latency": 6.6924095153808594e-06,
    "training_duration": 1.1332740783691406
}