{
    "RMSE_loss": {
        "train": 206.0006866455078,
        "validation": 185.70933532714844,
        "test": 183.23486328125
    },
    "R_squared": {
        "train": -1.3184840679168701,
        "validation": -1.5739426612854004,
        "test": -1.7655260562896729
    },
    "inference_latency": 6.0009956359863285e-06,
    "training_duration": 0.9501690864562988
}