{
    "RMSE_loss": {
        "train": 101.78915405273438,
        "validation": 107.63896179199219,
        "test": 93.9583740234375
    },
    "R_squared": {
        "train": 0.43393051624298096,
        "validation": 0.13529014587402344,
        "test": 0.27283573150634766
    },
    "inference_latency": 6.3610076904296874e-06,
    "training_duration": 1.20638108253479
}