{
    "RMSE_loss": {
        "train": 100.77403259277344,
        "validation": 110.68928527832031,
        "test": 94.180908203125
    },
    "R_squared": {
        "train": 0.4451647400856018,
        "validation": 0.08558660745620728,
        "test": 0.26938724517822266
    },
    "inference_latency": 5.769729614257812e-06,
    "training_duration": 1.1885428428649902
}