{
    "RMSE_loss": {
        "train": 98.95353698730469,
        "validation": 112.34557342529297,
        "test": 92.86903381347656
    },
    "R_squared": {
        "train": 0.4650299549102783,
        "validation": 0.058016419410705566,
        "test": 0.28959929943084717
    },
    "inference_latency": 5.779266357421875e-06,
    "training_duration": 1.4981508255004883
}