{
    "RMSE_loss": {
        "train": 80.8017349243164,
        "validation": 118.87867736816406,
        "test": 108.1706314086914
    },
    "R_squared": {
        "train": 0.5862607955932617,
        "validation": 0.3654569983482361,
        "test": 0.22630006074905396
    },
    "inference_latency": 7.328987121582031e-06,
    "training_duration": 12.547948837280273
}