{
    "RMSE_loss": {
        "train": 100.86875915527344,
        "validation": 103.94524383544922,
        "test": 113.59950256347656
    },
    "R_squared": {
        "train": 0.34190958738327026,
        "validation": 0.3314414620399475,
        "test": 0.4305742383003235
    },
    "inference_latency": 6.4015388488769535e-06,
    "training_duration": 1.162391185760498
}