{
    "RMSE_loss": {
        "train": 84.26873779296875,
        "validation": 114.67878723144531,
        "test": 118.42503356933594
    },
    "R_squared": {
        "train": 0.5188684791029015,
        "validation": 0.19295958484167797,
        "test": 0.4469382683895383
    },
    "inference_latency": 0.0,
    "training_duration": 18.279121160507202
}