{
    "RMSE_loss": {
        "train": 98.48542785644531,
        "validation": 102.66195678710938,
        "test": 100.99056243896484
    },
    "R_squared": {
        "train": 0.4225881099700928,
        "validation": 0.3648037314414978,
        "test": 0.3580108880996704
    },
    "inference_latency": 6.589889526367188e-06,
    "training_duration": 1.6275968551635742
}