{
    "RMSE_loss": {
        "train": 95.28765106201172,
        "validation": 105.6597900390625,
        "test": 107.7465591430664
    },
    "R_squared": {
        "train": 0.43256527185440063,
        "validation": 0.27110975980758667,
        "test": 0.44809848070144653
    },
    "inference_latency": 7.801055908203125e-06,
    "training_duration": 2.7113280296325684
}