{
    "RMSE_loss": {
        "train": 96.62731170654297,
        "validation": 104.56018829345703,
        "test": 108.77611541748047
    },
    "R_squared": {
        "train": 0.41843050718307495,
        "validation": 0.40652650594711304,
        "test": 0.3139203190803528
    },
    "inference_latency": 7.402896881103516e-06,
    "training_duration": 2.7847177982330322
}