{
    "RMSE_loss": {
        "train": 205.20489501953125,
        "validation": 184.95664978027344,
        "test": 182.48524475097656
    },
    "R_squared": {
        "train": -1.3006060123443604,
        "validation": -1.5531206130981445,
        "test": -1.7429447174072266
    },
    "inference_latency": 6.349086761474609e-06,
    "training_duration": 1.6680498123168945
}