{
    "RMSE_loss": {
        "train": 100.08248901367188,
        "validation": 89.90560913085938,
        "test": 113.98645782470703
    },
    "R_squared": {
        "train": 0.447634756565094,
        "validation": 0.40354979038238525,
        "test": -0.009348750114440918
    },
    "inference_latency": 6.358623504638672e-06,
    "training_duration": 1.1814939975738525
}