{
    "RMSE_loss": {
        "train": 103.42884063720703,
        "validation": 101.41472625732422,
        "test": 74.19719696044922
    },
    "R_squared": {
        "train": 0.4120415449142456,
        "validation": 0.3386700749397278,
        "test": 0.4673631191253662
    },
    "inference_latency": 7.193088531494141e-06,
    "training_duration": 2.707627773284912
}