{
    "RMSE_loss": {
        "train": 96.29071044921875,
        "validation": 102.71309661865234,
        "test": 101.58641815185547
    },
    "R_squared": {
        "train": 0.40029048919677734,
        "validation": 0.34719741344451904,
        "test": 0.5446393489837646
    },
    "inference_latency": 6.3991546630859375e-06,
    "training_duration": 1.19097900390625
}