{
    "RMSE_loss": {
        "train": 207.26715087890625,
        "validation": 186.88453674316406,
        "test": 184.72274780273438
    },
    "R_squared": {
        "train": -1.3470792770385742,
        "validation": -1.6066224575042725,
        "test": -1.8106212615966797
    },
    "inference_latency": 6.1082839965820315e-06,
    "training_duration": 1.483253002166748
}