{
    "RMSE_loss": {
        "train": 98.9879379272461,
        "validation": 113.17539978027344,
        "test": 95.10855102539062
    },
    "R_squared": {
        "train": 0.4646579623222351,
        "validation": 0.04404932260513306,
        "test": 0.25492382049560547
    },
    "inference_latency": 6.0009956359863285e-06,
    "training_duration": 1.0691180229187012
}