{
    "RMSE_loss": {
        "train": 115.18582153320312,
        "validation": 115.68310546875,
        "test": 106.80394744873047
    },
    "R_squared": {
        "train": 0.2609292268753052,
        "validation": 0.31574612855911255,
        "test": -0.13127338886260986
    },
    "inference_latency": 8.149147033691406e-06,
    "training_duration": 0.8383281230926514
}