{
    "RMSE_loss": {
        "train": 5894436814848.0,
        "validation": 5894436814848.0,
        "test": 5894436814848.0
    },
    "R_squared": {
        "train": -1.9354082883261002e+21,
        "validation": -1.7764869535253104e+21,
        "test": -3.4457009786764227e+21
    },
    "inference_latency": 7.588863372802734e-06,
    "training_duration": 0.8628339767456055
}