{
    "RMSE_loss": {
        "train": 209.98928833007812,
        "validation": 147.24078369140625,
        "test": 189.17115783691406
    },
    "R_squared": {
        "train": -1.2517025470733643,
        "validation": -2.8738601207733154,
        "test": -1.6942558288574219
    },
    "inference_latency": 8.158683776855468e-06,
    "training_duration": 2.290369749069214
}