{
    "RMSE_loss": {
        "train": 206.3517303466797,
        "validation": 200.89398193359375,
        "test": 172.57737731933594
    },
    "R_squared": {
        "train": -1.3517224788665771,
        "validation": -1.3956942558288574,
        "test": -2.1042680740356445
    },
    "inference_latency": 9.582042694091796e-06,
    "training_duration": 1.5068461894989014
}