{
    "RMSE_loss": {
        "train": 207.2240753173828,
        "validation": 186.8293914794922,
        "test": 184.6775665283203
    },
    "R_squared": {
        "train": -1.3461034297943115,
        "validation": -1.6050841808319092,
        "test": -1.809246301651001
    },
    "inference_latency": 5.381107330322266e-06,
    "training_duration": 0.9698901176452637
}