{
    "RMSE_loss": {
        "train": 171.65048217773438,
        "validation": 151.50083923339844,
        "test": 167.78030395507812
    },
    "R_squared": {
        "train": -0.703365683555603,
        "validation": -0.6810822486877441,
        "test": -0.7155002355575562
    },
    "inference_latency": 6.089210510253906e-06,
    "training_duration": 1.0578560829162598
}