{
    "RMSE_loss": {
        "train": 107.5022201538086,
        "validation": 127.73523712158203,
        "test": 86.37142944335938
    },
    "R_squared": {
        "train": 0.32170116901397705,
        "validation": 0.2341408133506775,
        "test": 0.23740154504776
    },
    "inference_latency": 6.470680236816406e-06,
    "training_duration": 1.1166892051696777
}