{
    "RMSE_loss": {
        "train": 206.32501220703125,
        "validation": 185.91586303710938,
        "test": 183.7341766357422
    },
    "R_squared": {
        "train": -1.3257901668548584,
        "validation": -1.5796709060668945,
        "test": -1.780618667602539
    },
    "inference_latency": 6.237030029296875e-06,
    "training_duration": 1.370460033416748
}