{
    "RMSE_loss": {
        "train": 88.21461486816406,
        "validation": 101.38353729248047,
        "test": 109.76129913330078
    },
    "R_squared": {
        "train": 0.5214607248472086,
        "validation": 0.3023917709878574,
        "test": 0.399632764192292
    },
    "inference_latency": 0.00013619184494018555,
    "training_duration": 17.69882845878601
}