{
    "RMSE_loss": {
        "train": 207.2615203857422,
        "validation": 186.86801147460938,
        "test": 184.70838928222656
    },
    "R_squared": {
        "train": -1.3469517230987549,
        "validation": -1.6061618328094482,
        "test": -1.8101842403411865
    },
    "inference_latency": 6.358623504638672e-06,
    "training_duration": 1.4128830432891846
}