{
    "RMSE_loss": {
        "train": 92.46867370605469,
        "validation": 91.56947326660156,
        "test": 105.62004089355469
    },
    "R_squared": {
        "train": 0.45974254608154297,
        "validation": 0.4933848977088928,
        "test": 0.4576284885406494
    },
    "inference_latency": 9.069442749023437e-06,
    "training_duration": 15.366153955459595
}