{
    "RMSE_loss": {
        "train": 91.56316375732422,
        "validation": 98.35447692871094,
        "test": 93.66213989257812
    },
    "R_squared": {
        "train": 0.5506905317306519,
        "validation": -0.061501145362854004,
        "test": 0.39392977952957153
    },
    "inference_latency": 8.130073547363282e-06,
    "training_duration": 15.310847043991089
}