{
    "RMSE_loss": {
        "train": 89.61345672607422,
        "validation": 103.39734649658203,
        "test": 94.67488098144531
    },
    "R_squared": {
        "train": 0.5049756765365601,
        "validation": 0.26963549852371216,
        "test": 0.5638020038604736
    },
    "inference_latency": 6.783008575439453e-06,
    "training_duration": 21.76878023147583
}