{
    "RMSE_loss": {
        "train": 99.67031860351562,
        "validation": 120.60352325439453,
        "test": 96.10079193115234
    },
    "R_squared": {
        "train": 0.3747016191482544,
        "validation": 0.2896397113800049,
        "test": 0.43517786264419556
    },
    "inference_latency": 2.0418167114257813e-05,
    "training_duration": 24.467202186584473
}