{
    "RMSE_loss": {
        "train": 91.7497787475586,
        "validation": 121.64617919921875,
        "test": 106.98097229003906
    },
    "R_squared": {
        "train": 0.431382954120636,
        "validation": 0.3454244136810303,
        "test": 0.40415555238723755
    },
    "inference_latency": 2.699136734008789e-05,
    "training_duration": 54.01461315155029
}