{
    "RMSE_loss": {
        "train": 92.50276947021484,
        "validation": 127.28034210205078,
        "test": 125.35807800292969
    },
    "R_squared": {
        "train": 0.44232070446014404,
        "validation": 0.023360729217529297,
        "test": 0.30674415826797485
    },
    "inference_latency": 8.68082046508789e-06,
    "training_duration": 1.523482084274292
}