{
    "RMSE_loss": {
        "train": 207.1427459716797,
        "validation": 186.7433319091797,
        "test": 184.58985900878906
    },
    "R_squared": {
        "train": -1.3442625999450684,
        "validation": -1.6026849746704102,
        "test": -1.8065786361694336
    },
    "inference_latency": 5.671977996826172e-06,
    "training_duration": 0.9935569763183594
}