{
    "RMSE_loss": {
        "train": 98.8995361328125,
        "validation": 95.28713989257812,
        "test": 98.44010925292969
    },
    "R_squared": {
        "train": 0.4581220746040344,
        "validation": 0.0898011326789856,
        "test": 0.42313194274902344
    },
    "inference_latency": 6.558895111083985e-06,
    "training_duration": 1.6647167205810547
}