{
    "RMSE_loss": {
        "train": 171.9215850830078,
        "validation": 153.27183532714844,
        "test": 168.2925567626953
    },
    "R_squared": {
        "train": -0.7087506055831909,
        "validation": -0.7206147909164429,
        "test": -0.7259914875030518
    },
    "inference_latency": 6.40869140625e-06,
    "training_duration": 1.096405029296875
}