{
    "RMSE_loss": {
        "train": 206.29513549804688,
        "validation": 185.90159606933594,
        "test": 183.7064666748047
    },
    "R_squared": {
        "train": -1.3251168727874756,
        "validation": -1.579275131225586,
        "test": -1.7797801494598389
    },
    "inference_latency": 5.6695938110351565e-06,
    "training_duration": 0.940697193145752
}