{
    "RMSE_loss": {
        "train": 207.05746459960938,
        "validation": 186.6810760498047,
        "test": 184.49435424804688
    },
    "R_squared": {
        "train": -1.342332363128662,
        "validation": -1.600949764251709,
        "test": -1.8036751747131348
    },
    "inference_latency": 5.881786346435547e-06,
    "training_duration": 1.1288728713989258
}