{
    "RMSE_loss": {
        "train": 170.6756591796875,
        "validation": 163.03311157226562,
        "test": 162.17190551757812
    },
    "R_squared": {
        "train": -0.6063985824584961,
        "validation": -0.9613370895385742,
        "test": -1.0430827140808105
    },
    "inference_latency": 6.389617919921875e-06,
    "training_duration": 1.1003568172454834
}