{
    "RMSE_loss": {
        "train": 197.35166931152344,
        "validation": 177.2510528564453,
        "test": 174.22140502929688
    },
    "R_squared": {
        "train": -1.1278865337371826,
        "validation": -1.3448173999786377,
        "test": -1.5001411437988281
    },
    "inference_latency": 6.442070007324219e-06,
    "training_duration": 1.0772018432617188
}