{
    "RMSE_loss": {
        "train": 173.4802703857422,
        "validation": 142.64295959472656,
        "test": 165.0840606689453
    },
    "R_squared": {
        "train": -0.6287164688110352,
        "validation": -1.2428209781646729,
        "test": -0.7420986890792847
    },
    "inference_latency": 6.368160247802735e-06,
    "training_duration": 1.1332190036773682
}