{
    "RMSE_loss": {
        "train": 195.1453857421875,
        "validation": 135.73504638671875,
        "test": 175.2393035888672
    },
    "R_squared": {
        "train": -0.9446133375167847,
        "validation": -2.2920901775360107,
        "test": -1.3120222091674805
    },
    "inference_latency": 1.630067825317383e-05,
    "training_duration": 3.117805004119873
}