{
    "RMSE_loss": {
        "train": 96.25079345703125,
        "validation": 103.70014953613281,
        "test": 103.95328521728516
    },
    "R_squared": {
        "train": 0.4007875323295593,
        "validation": 0.33459049463272095,
        "test": 0.5231732130050659
    },
    "inference_latency": 6.320476531982422e-06,
    "training_duration": 1.1488580703735352
}