{
    "RMSE_loss": {
        "train": 96.13603973388672,
        "validation": 108.73722839355469,
        "test": 104.69817352294922
    },
    "R_squared": {
        "train": 0.4243290424346924,
        "validation": 0.3581623435020447,
        "test": 0.3643973469734192
    },
    "inference_latency": 6.561279296875e-06,
    "training_duration": 1.2163128852844238
}