{
    "RMSE_loss": {
        "train": 206.1879119873047,
        "validation": 185.77578735351562,
        "test": 183.5641632080078
    },
    "R_squared": {
        "train": -1.3227005004882812,
        "validation": -1.5757849216461182,
        "test": -1.775475263595581
    },
    "inference_latency": 6.017684936523437e-06,
    "training_duration": 1.3879079818725586
}