{
    "RMSE_loss": {
        "train": 180.52294921875,
        "validation": 161.61732482910156,
        "test": 156.95144653320312
    },
    "R_squared": {
        "train": -0.780457615852356,
        "validation": -0.9494279623031616,
        "test": -1.0290472507476807
    },
    "inference_latency": 5.979537963867187e-06,
    "training_duration": 1.1726791858673096
}