{
    "RMSE_loss": {
        "train": 207.1079559326172,
        "validation": 186.71304321289062,
        "test": 184.55406188964844
    },
    "R_squared": {
        "train": -1.3434748649597168,
        "validation": -1.6018404960632324,
        "test": -1.805490255355835
    },
    "inference_latency": 5.750656127929688e-06,
    "training_duration": 1.1763081550598145
}