{
    "RMSE_loss": {
        "train": 99.03398895263672,
        "validation": 92.65306854248047,
        "test": 112.95518493652344
    },
    "R_squared": {
        "train": 0.4591476321220398,
        "validation": 0.36653852462768555,
        "test": 0.00883251428604126
    },
    "inference_latency": 6.680488586425781e-06,
    "training_duration": 1.6830999851226807
}