{
    "RMSE_loss": {
        "train": 98.47691345214844,
        "validation": 105.79408264160156,
        "test": 102.28376007080078
    },
    "R_squared": {
        "train": 0.39595305919647217,
        "validation": 0.39243680238723755,
        "test": 0.3933742046356201
    },
    "inference_latency": 6.7305564880371095e-06,
    "training_duration": 1.7085340023040771
}