{
    "RMSE_loss": {
        "train": 92.96031951904297,
        "validation": 104.9775390625,
        "test": 107.41154479980469
    },
    "R_squared": {
        "train": 0.4599452018737793,
        "validation": 0.28049236536026,
        "test": 0.4515252113342285
    },
    "inference_latency": 6.918907165527344e-06,
    "training_duration": 2.7159528732299805
}