{
    "RMSE_loss": {
        "train": 100.195068359375,
        "validation": 108.0503158569336,
        "test": 95.81584167480469
    },
    "R_squared": {
        "train": 0.451521635055542,
        "validation": 0.1286684274673462,
        "test": 0.24380093812942505
    },
    "inference_latency": 6.229877471923828e-06,
    "training_duration": 1.20556640625
}