{
    "RMSE_loss": {
        "train": 87.0370864868164,
        "validation": 115.40200805664062,
        "test": 98.99068450927734
    },
    "R_squared": {
        "train": 0.5748141219535134,
        "validation": 0.2717442800345544,
        "test": -0.014805768306713096
    },
    "inference_latency": 0.0,
    "training_duration": 23.615753650665283
}