{
    "RMSE_loss": {
        "train": 205.73699951171875,
        "validation": 185.4638671875,
        "test": 183.1508331298828
    },
    "R_squared": {
        "train": -1.3125522136688232,
        "validation": -1.5671427249908447,
        "test": -1.7629899978637695
    },
    "inference_latency": 5.769729614257812e-06,
    "training_duration": 0.9346141815185547
}