{
    "RMSE_loss": {
        "train": 205.97666931152344,
        "validation": 185.57310485839844,
        "test": 183.3730010986328
    },
    "R_squared": {
        "train": -1.3179435729980469,
        "validation": -1.5701675415039062,
        "test": -1.7696971893310547
    },
    "inference_latency": 6.062984466552734e-06,
    "training_duration": 1.359645128250122
}