{
    "RMSE_loss": {
        "train": 105.84706115722656,
        "validation": 103.08446502685547,
        "test": 72.63179779052734
    },
    "R_squared": {
        "train": 0.38422656059265137,
        "validation": 0.3167138695716858,
        "test": 0.4896009564399719
    },
    "inference_latency": 6.639957427978516e-06,
    "training_duration": 1.7212193012237549
}