{
    "RMSE_loss": {
        "train": 206.397705078125,
        "validation": 185.9905242919922,
        "test": 183.80947875976562
    },
    "R_squared": {
        "train": -1.3274292945861816,
        "validation": -1.5817432403564453,
        "test": -1.78289794921875
    },
    "inference_latency": 5.931854248046875e-06,
    "training_duration": 1.4370300769805908
}