{
    "RMSE_loss": {
        "train": 206.14491271972656,
        "validation": 185.75729370117188,
        "test": 183.5323486328125
    },
    "R_squared": {
        "train": -1.3217315673828125,
        "validation": -1.5752723217010498,
        "test": -1.7745132446289062
    },
    "inference_latency": 5.9604644775390625e-06,
    "training_duration": 1.3819797039031982
}