{
    "RMSE_loss": {
        "train": 104.14566802978516,
        "validation": 96.43779754638672,
        "test": 104.62158203125
    },
    "R_squared": {
        "train": 0.3737666734945633,
        "validation": 0.4131600482125334,
        "test": 0.23977577437185693
    },
    "inference_latency": 0.0003849911689758301,
    "training_duration": 50.51249051094055
}