{
    "RMSE_loss": {
        "train": 212.53794860839844,
        "validation": 149.03834533691406,
        "test": 191.78477478027344
    },
    "R_squared": {
        "train": -1.306692361831665,
        "validation": -2.969024181365967,
        "test": -1.769218921661377
    },
    "inference_latency": 7.181167602539063e-06,
    "training_duration": 1.6032969951629639
}