{
    "RMSE_loss": {
        "train": 194.77017211914062,
        "validation": 203.90176391601562,
        "test": 204.96885681152344
    },
    "R_squared": {
        "train": -1.4724071025848389,
        "validation": -1.506417989730835,
        "test": -0.8533807992935181
    },
    "inference_latency": 7.109642028808594e-06,
    "training_duration": 1.5806500911712646
}