{
    "RMSE_loss": {
        "train": 92.7276840209961,
        "validation": 100.0551528930664,
        "test": 109.87054443359375
    },
    "R_squared": {
        "train": 0.47124410276891493,
        "validation": 0.32055274608730144,
        "test": 0.3984370324488976
    },
    "inference_latency": 2.5579929351806642e-05,
    "training_duration": 15.544309854507446
}