{
    "RMSE_loss": {
        "train": 94.07427215576172,
        "validation": 128.31317138671875,
        "test": 84.3759536743164
    },
    "R_squared": {
        "train": 0.4247891902923584,
        "validation": 0.36456722021102905,
        "test": 0.45441925525665283
    },
    "inference_latency": 6.132125854492187e-06,
    "training_duration": 1.1753668785095215
}