{
    "RMSE_loss": {
        "train": 211.5494384765625,
        "validation": 148.43736267089844,
        "test": 190.4735870361328
    },
    "R_squared": {
        "train": -1.2852857112884521,
        "validation": -2.937079906463623,
        "test": -1.731482982635498
    },
    "inference_latency": 1.5361309051513674e-05,
    "training_duration": 3.632728099822998
}