{
    "RMSE_loss": {
        "train": 174.379150390625,
        "validation": 153.59344482421875,
        "test": 170.08087158203125
    },
    "R_squared": {
        "train": -0.7579516172409058,
        "validation": -0.7278430461883545,
        "test": -0.7628680467605591
    },
    "inference_latency": 6.532669067382812e-06,
    "training_duration": 1.0825462341308594
}