{
    "RMSE_loss": {
        "train": 93.56273651123047,
        "validation": 121.7851791381836,
        "test": 99.81874084472656
    },
    "R_squared": {
        "train": 0.42769908905029297,
        "validation": 0.4487636089324951,
        "test": 0.20687109231948853
    },
    "inference_latency": 6.12020492553711e-06,
    "training_duration": 1.2236058712005615
}