{
    "RMSE_loss": {
        "train": 96.73678588867188,
        "validation": 89.72325134277344,
        "test": 113.82173919677734
    },
    "R_squared": {
        "train": 0.39453035593032837,
        "validation": 0.19279277324676514,
        "test": 0.5481820106506348
    },
    "inference_latency": 7.569789886474609e-06,
    "training_duration": 2.7053897380828857
}