{
    "RMSE_loss": {
        "train": 88.42787170410156,
        "validation": 92.08690643310547,
        "test": 110.87803649902344
    },
    "R_squared": {
        "train": 0.5208976609127487,
        "validation": 0.34352810719591764,
        "test": 0.4384646212171899
    },
    "inference_latency": 0.0,
    "training_duration": 58.21091842651367
}