{
    "RMSE_loss": {
        "train": 195.41294860839844,
        "validation": 232.12362670898438,
        "test": 180.68460083007812
    },
    "R_squared": {
        "train": -1.4964635372161865,
        "validation": -1.0025696754455566,
        "test": -1.5987343788146973
    },
    "inference_latency": 6.0701370239257815e-06,
    "training_duration": 1.0592482089996338
}