{
    "RMSE_loss": {
        "train": 84.9750747680664,
        "validation": 116.53307342529297,
        "test": 106.81783294677734
    },
    "R_squared": {
        "train": 0.5424185991287231,
        "validation": 0.39025044441223145,
        "test": 0.2455310821533203
    },
    "inference_latency": 7.989406585693359e-06,
    "training_duration": 15.623234033584595
}