{
    "RMSE_loss": {
        "train": 98.99993896484375,
        "validation": 93.0459976196289,
        "test": 100.41410064697266
    },
    "R_squared": {
        "train": 0.4341210587749712,
        "validation": 0.45371354057436863,
        "test": 0.29969302512679075
    },
    "inference_latency": 0.0003535604476928711,
    "training_duration": 51.86279273033142
}