{
    "RMSE_loss": {
        "train": 102.67137908935547,
        "validation": 90.00121307373047,
        "test": 93.74433135986328
    },
    "R_squared": {
        "train": 0.39058005809783936,
        "validation": 0.40672558546066284,
        "test": 0.4644513726234436
    },
    "inference_latency": 6.017684936523437e-06,
    "training_duration": 1.2033307552337646
}