{
    "RMSE_loss": {
        "train": 97.97943878173828,
        "validation": 107.6484146118164,
        "test": 101.89083099365234
    },
    "R_squared": {
        "train": 0.4681577682495117,
        "validation": -0.16167056560516357,
        "test": 0.3819800019264221
    },
    "inference_latency": 7.321834564208985e-06,
    "training_duration": 2.7405717372894287
}