{
    "RMSE_loss": {
        "train": 212.18235778808594,
        "validation": 148.79620361328125,
        "test": 191.33566284179688
    },
    "R_squared": {
        "train": -1.298980474472046,
        "validation": -2.9561378955841064,
        "test": -1.7562639713287354
    },
    "inference_latency": 9.860992431640625e-06,
    "training_duration": 2.281588077545166
}