{
    "RMSE_loss": {
        "train": 96.8747787475586,
        "validation": 134.0489959716797,
        "test": 84.2051773071289
    },
    "R_squared": {
        "train": 0.39003247022628784,
        "validation": 0.3064875602722168,
        "test": 0.4566255807876587
    },
    "inference_latency": 6.079673767089844e-06,
    "training_duration": 1.1863229274749756
}