{
    "RMSE_loss": {
        "train": 205.74098205566406,
        "validation": 185.4262237548828,
        "test": 183.14723205566406
    },
    "R_squared": {
        "train": -1.3126418590545654,
        "validation": -1.5661005973815918,
        "test": -1.7628812789916992
    },
    "inference_latency": 6.129741668701172e-06,
    "training_duration": 1.0192551612854004
}