{
    "RMSE_loss": {
        "train": 97.8379898071289,
        "validation": 110.16162109375,
        "test": 90.18342590332031
    },
    "R_squared": {
        "train": 0.4770238995552063,
        "validation": 0.09428399801254272,
        "test": 0.33009225130081177
    },
    "inference_latency": 5.9223175048828125e-06,
    "training_duration": 1.0745060443878174
}