{
    "RMSE_loss": {
        "train": 97.24229431152344,
        "validation": 134.5734100341797,
        "test": 85.47914123535156
    },
    "R_squared": {
        "train": 0.3853955864906311,
        "validation": 0.3010507822036743,
        "test": 0.4400594234466553
    },
    "inference_latency": 6.201267242431641e-06,
    "training_duration": 1.135385274887085
}