{
    "RMSE_loss": {
        "train": 181.6366424560547,
        "validation": 162.92459106445312,
        "test": 157.4068603515625
    },
    "R_squared": {
        "train": -0.802493691444397,
        "validation": -0.981092095375061,
        "test": -1.040839433670044
    },
    "inference_latency": 6.4396858215332035e-06,
    "training_duration": 1.194990873336792
}