{
    "RMSE_loss": {
        "train": 106.69212341308594,
        "validation": 125.52013397216797,
        "test": 85.90067291259766
    },
    "R_squared": {
        "train": 0.3318854570388794,
        "validation": 0.26047253608703613,
        "test": 0.24569177627563477
    },
    "inference_latency": 6.310939788818359e-06,
    "training_duration": 1.081589937210083
}