{
    "RMSE_loss": {
        "train": 97.41398620605469,
        "validation": 101.97157287597656,
        "test": 107.63774108886719
    },
    "R_squared": {
        "train": 0.38621699810028076,
        "validation": 0.35658907890319824,
        "test": 0.4887734651565552
    },
    "inference_latency": 6.079673767089844e-06,
    "training_duration": 1.656113862991333
}