{
    "RMSE_loss": {
        "train": 98.48401641845703,
        "validation": 107.66175842285156,
        "test": 90.48522186279297
    },
    "R_squared": {
        "train": 0.47009462118148804,
        "validation": 0.1349238157272339,
        "test": 0.32560110092163086
    },
    "inference_latency": 6.358623504638672e-06,
    "training_duration": 1.0851738452911377
}