{
    "RMSE_loss": {
        "train": 94.86026763916016,
        "validation": 129.24217224121094,
        "test": 84.53677368164062
    },
    "R_squared": {
        "train": 0.41513723134994507,
        "validation": 0.3553326725959778,
        "test": 0.4523375630378723
    },
    "inference_latency": 6.079673767089844e-06,
    "training_duration": 1.1687891483306885
}