{
    "RMSE_loss": {
        "train": 201.96478271484375,
        "validation": 196.62899780273438,
        "test": 169.61729431152344
    },
    "R_squared": {
        "train": -1.2527925968170166,
        "validation": -1.2950522899627686,
        "test": -1.9986915588378906
    },
    "inference_latency": 7.469654083251953e-06,
    "training_duration": 1.5631732940673828
}