{
    "train_RMSE": 0.07828914361847472,
    "test_RMSE": 0.21218389408095698,
    "validation_RMSE": 0.13152153481145434,
    "train_R2": 0.9932167272374248,
    "test_R2": 0.9665923415787311,
    "validation_R2": null,
    "train_MSE": 0.006129190008514162,
    "test_MSE": 0.04502200490735877,
    "validation_MSE": null
}