{
    "Train": {
        "RMSE": 0.04724714257602173,
        "R2": 0.9979399457052414,
        "MSE": 0.002232292481598925
    },
    "Test": {
        "RMSE": 0.05761021424115276,
        "R2": 0.9962877445953011,
        "MSE": 0.00331893678491152
    },
    "Validation": {
        "RMSE": 0.09951972778787267,
        "R2": null,
        "MSE": null
    }
}