{
    "train_RMSE": 0.06382911234347964,
    "test_RMSE": 0.010191225262514503,
    "validation_RMSE": 0.12142872069624623,
    "train_R2": 0.9960506446861684,
    "test_R2": 0.9997542713599833,
    "validation_R2": null,
    "train_MSE": 0.004074155582556546,
    "test_MSE": 0.0001038610723513138,
    "validation_MSE": null
}