{
    "train_RMSE": 0.03828152266670503,
    "test_RMSE": 0.02414099677935162,
    "validation_RMSE": 0.10374167397535666,
    "train_R2": 0.9986008673869254,
    "test_R2": 0.9987000245164456,
    "validation_R2": null,
    "train_MSE": 0.0014654749776814508,
    "test_MSE": 0.0005827877255006653,
    "validation_MSE": null
}