{
    "Train": {
        "RMSE": 0.027323961594003996,
        "R2": 0.9992116017883749,
        "MSE": 0.0007465988771906054
    },
    "Test": {
        "RMSE": 0.26536561408831527,
        "R2": 0.9569518817519722,
        "MSE": 0.07041890914046867
    },
    "Validation": {
        "RMSE": 0.08506057566592704,
        "R2": null,
        "MSE": null
    }
}