{
    "train_RMSE": 0.029697959595464184,
    "test_RMSE": 0.011218681050471984,
    "validation_RMSE": 0.09448279050492193,
    "train_R2": 0.9992158148682161,
    "test_R2": 0.9997769937619396,
    "validation_R2": null,
    "train_MSE": 0.0008819688041338231,
    "test_MSE": 0.00012585880451221917,
    "validation_MSE": null
}