{
    "train_RMSE": 0.040577869518581215,
    "test_RMSE": 0.10914063114845475,
    "validation_RMSE": 0.10271000787804656,
    "train_R2": 0.998315762110167,
    "test_R2": 0.9845401049010114,
    "validation_R2": null,
    "train_MSE": 0.0016465634946670026,
    "test_MSE": 0.01191167736748305,
    "validation_MSE": null
}