{
    "train_RMSE": 0.04823189415558809,
    "test_RMSE": 0.05111004128770569,
    "validation_RMSE": 0.08393691516141386,
    "train_R2": 0.9979053953672717,
    "test_R2": 0.9966580328021072,
    "validation_R2": null,
    "train_MSE": 0.0023263156138358526,
    "test_MSE": 0.0026122363204309803,
    "validation_MSE": null
}