{
    "train_RMSE": 0.0373806310989176,
    "test_RMSE": 0.02041895684323306,
    "validation_RMSE": 0.15259614157751952,
    "train_R2": 0.9987134793524545,
    "test_R2": 0.9993379935796655,
    "validation_R2": null,
    "train_MSE": 0.0013973115813533654,
    "test_MSE": 0.00041693379856581414,
    "validation_MSE": null
}