{
    "train_RMSE": 0.03593818375741229,
    "test_RMSE": 0.024375604641816758,
    "validation_RMSE": 0.0992814405804025,
    "train_R2": 0.9988689999535816,
    "test_R2": 0.9992351436221466,
    "validation_R2": null,
    "train_MSE": 0.0012915530517815326,
    "test_MSE": 0.0005941701016541586,
    "validation_MSE": null
}