{
    "RMSE_loss": {
        "train": 206.3553009033203,
        "validation": 185.93643188476562,
        "test": 183.7425994873047
    },
    "R_squared": {
        "train": -1.3264729976654053,
        "validation": -1.5802414417266846,
        "test": -1.7808735370635986
    },
    "inference_latency": 5.819797515869141e-06,
    "training_duration": 1.38844895362854
}