{
    "Accuracy": {
        "train": 0.9172413793103448,
        "validation": 0.7983870967741935,
        "test": 0.76
    },
    "training_duration": 0.6151101589202881
}