{
    "RMSE_loss": {
        "train": 96.9583740234375,
        "validation": 100.94278717041016,
        "test": 105.18087005615234
    },
    "R_squared": {
        "train": 0.3919450640678406,
        "validation": 0.36950623989105225,
        "test": 0.5118449926376343
    },
    "inference_latency": 6.051063537597656e-06,
    "training_duration": 1.1824150085449219
}