{
    "RMSE_loss": {
        "train": 207.2173309326172,
        "validation": 186.8262481689453,
        "test": 184.66688537597656
    },
    "R_squared": {
        "train": -1.3459510803222656,
        "validation": -1.604996919631958,
        "test": -1.8089215755462646
    },
    "inference_latency": 5.860328674316406e-06,
    "training_duration": 1.4121530055999756
}