{
    "RMSE_loss": {
        "train": 96.1590805053711,
        "validation": 119.11465454101562,
        "test": 103.24494934082031
    },
    "R_squared": {
        "train": 0.4495442509651184,
        "validation": 0.14489543437957764,
        "test": 0.3290290832519531
    },
    "inference_latency": 7.190704345703125e-06,
    "training_duration": 2.704084873199463
}