{
    "RMSE_loss": {
        "train": 171.29710388183594,
        "validation": 163.16021728515625,
        "test": 163.0277099609375
    },
    "R_squared": {
        "train": -0.618118166923523,
        "validation": -0.9643963575363159,
        "test": -1.0647029876708984
    },
    "inference_latency": 6.110668182373047e-06,
    "training_duration": 1.1260349750518799
}