{
    "RMSE_loss": {
        "train": 107.05738830566406,
        "validation": 84.64208984375,
        "test": 81.53057861328125
    },
    "R_squared": {
        "train": 0.38230830430984497,
        "validation": 0.5414233207702637,
        "test": 0.23850446939468384
    },
    "inference_latency": 6.520748138427735e-06,
    "training_duration": 1.6797449588775635
}