{
    "RMSE_loss": {
        "train": 205.15753173828125,
        "validation": 184.84576416015625,
        "test": 182.41661071777344
    },
    "R_squared": {
        "train": -1.299544095993042,
        "validation": -1.5500600337982178,
        "test": -1.7408816814422607
    },
    "inference_latency": 6.458759307861328e-06,
    "training_duration": 1.5843420028686523
}