{
    "RMSE_loss": {
        "train": 102.03023529052734,
        "validation": 99.02886962890625,
        "test": 96.43797302246094
    },
    "R_squared": {
        "train": 0.42327243089675903,
        "validation": 0.016914427280426025,
        "test": 0.44635868072509766
    },
    "inference_latency": 6.351470947265625e-06,
    "training_duration": 1.7963180541992188
}