{
    "RMSE_loss": {
        "train": 110.20087432861328,
        "validation": 139.1997528076172,
        "test": 84.90440368652344
    },
    "R_squared": {
        "train": 0.28721868991851807,
        "validation": 0.09049630165100098,
        "test": 0.2630871534347534
    },
    "inference_latency": 6.2894821166992185e-06,
    "training_duration": 1.1449439525604248
}