{
    "RMSE_loss": {
        "train": 206.89480590820312,
        "validation": 186.51466369628906,
        "test": 184.32623291015625
    },
    "R_squared": {
        "train": -1.3386542797088623,
        "validation": -1.5963146686553955,
        "test": -1.798567771911621
    },
    "inference_latency": 6.039142608642578e-06,
    "training_duration": 1.1433138847351074
}