{
    "RMSE_loss": {
        "train": 175.6441650390625,
        "validation": 158.31297302246094,
        "test": 151.98773193359375
    },
    "R_squared": {
        "train": -0.6855213642120361,
        "validation": -0.8705289363861084,
        "test": -0.9027364253997803
    },
    "inference_latency": 5.9580802917480465e-06,
    "training_duration": 1.182507038116455
}