{
    "RMSE_loss": {
        "train": 99.16378021240234,
        "validation": 98.5860824584961,
        "test": 101.15605926513672
    },
    "R_squared": {
        "train": 0.4322464565536942,
        "validation": 0.3867236125312977,
        "test": 0.2893055103307519
    },
    "inference_latency": 0.0004688787460327148,
    "training_duration": 50.08889961242676
}