{
    "RMSE_loss": {
        "train": 206.35107421875,
        "validation": 185.9308624267578,
        "test": 183.74771118164062
    },
    "R_squared": {
        "train": -1.3263776302337646,
        "validation": -1.5800871849060059,
        "test": -1.7810282707214355
    },
    "inference_latency": 5.857944488525391e-06,
    "training_duration": 1.3824701309204102
}