{
    "RMSE_loss": {
        "train": 186.63731384277344,
        "validation": 131.61924743652344,
        "test": 166.5836181640625
    },
    "R_squared": {
        "train": -0.7787450551986694,
        "validation": -2.0954692363739014,
        "test": -1.0892651081085205
    },
    "inference_latency": 1.2309551239013672e-05,
    "training_duration": 3.6745107173919678
}