{
    "RMSE_loss": {
        "train": 99.74471282958984,
        "validation": 91.49178314208984,
        "test": 102.38370513916016
    },
    "R_squared": {
        "train": 0.4615752100944519,
        "validation": 0.07730519771575928,
        "test": 0.3299238085746765
    },
    "inference_latency": 6.680488586425781e-06,
    "training_duration": 1.1831140518188477
}