{
    "RMSE_loss": {
        "train": 206.30763244628906,
        "validation": 185.9102783203125,
        "test": 183.7015838623047
    },
    "R_squared": {
        "train": -1.3253986835479736,
        "validation": -1.5795159339904785,
        "test": -1.7796318531036377
    },
    "inference_latency": 5.729198455810547e-06,
    "training_duration": 0.9463379383087158
}