{
    "RMSE_loss": {
        "train": 87.63801574707031,
        "validation": 93.11734771728516,
        "test": 110.0385513305664
    },
    "R_squared": {
        "train": 0.5294182642346626,
        "validation": 0.3287542194077352,
        "test": 0.44693556193001815
    },
    "inference_latency": 2.0008087158203125e-05,
    "training_duration": 35.94871425628662
}