{
    "RMSE_loss": {
        "train": 196.5653076171875,
        "validation": 205.102294921875,
        "test": 206.4490966796875
    },
    "R_squared": {
        "train": -1.5181915760040283,
        "validation": -1.5360193252563477,
        "test": -0.8802467584609985
    },
    "inference_latency": 8.561611175537109e-06,
    "training_duration": 1.5674829483032227
}