{
    "RMSE_loss": {
        "train": 195.009765625,
        "validation": 231.72828674316406,
        "test": 180.3336639404297
    },
    "R_squared": {
        "train": -1.4861726760864258,
        "validation": -0.9957542419433594,
        "test": -1.5886495113372803
    },
    "inference_latency": 5.79833984375e-06,
    "training_duration": 1.0793139934539795
}