{
    "RMSE_loss": {
        "train": 102.38139343261719,
        "validation": 110.4514389038086,
        "test": 92.5670394897461
    },
    "R_squared": {
        "train": 0.427324116230011,
        "validation": 0.08951222896575928,
        "test": 0.2942120432853699
    },
    "inference_latency": 5.5932998657226565e-06,
    "training_duration": 1.3496439456939697
}