{
    "RMSE_loss": {
        "train": 206.05581665039062,
        "validation": 185.63783264160156,
        "test": 183.4296417236328
    },
    "R_squared": {
        "train": -1.3197252750396729,
        "validation": -1.5719609260559082,
        "test": -1.7714085578918457
    },
    "inference_latency": 6.0272216796875e-06,
    "training_duration": 1.3898110389709473
}