{
    "RMSE_loss": {
        "train": 206.2528839111328,
        "validation": 200.7130889892578,
        "test": 172.67088317871094
    },
    "R_squared": {
        "train": -1.349470615386963,
        "validation": -1.3913815021514893,
        "test": -2.107633113861084
    },
    "inference_latency": 8.640289306640625e-06,
    "training_duration": 1.5333621501922607
}