{
    "RMSE_loss": {
        "train": 195.089599609375,
        "validation": 231.74700927734375,
        "test": 180.45372009277344
    },
    "R_squared": {
        "train": -1.488208532333374,
        "validation": -0.9960770606994629,
        "test": -1.592097282409668
    },
    "inference_latency": 5.800724029541015e-06,
    "training_duration": 1.0602350234985352
}