{
    "RMSE_loss": {
        "train": 211.80526733398438,
        "validation": 148.56842041015625,
        "test": 190.97142028808594
    },
    "R_squared": {
        "train": -1.290816068649292,
        "validation": -2.9440345764160156,
        "test": -1.7457799911499023
    },
    "inference_latency": 1.1267662048339843e-05,
    "training_duration": 2.9207417964935303
}