{
    "RMSE_loss": {
        "train": 205.63565063476562,
        "validation": 185.36758422851562,
        "test": 182.95579528808594
    },
    "R_squared": {
        "train": -1.3102750778198242,
        "validation": -1.5644779205322266,
        "test": -1.757108449935913
    },
    "inference_latency": 5.841255187988281e-06,
    "training_duration": 0.9827258586883545
}