{
    "RMSE_loss": {
        "train": 98.61800384521484,
        "validation": 92.09019470214844,
        "test": 99.26537322998047
    },
    "R_squared": {
        "train": 0.47367048263549805,
        "validation": 0.06519579887390137,
        "test": 0.37011975049972534
    },
    "inference_latency": 6.940364837646484e-06,
    "training_duration": 1.184988021850586
}