{
    "RMSE_loss": {
        "train": 83.38130187988281,
        "validation": 116.3614273071289,
        "test": 111.49681091308594
    },
    "R_squared": {
        "train": 0.5594221353530884,
        "validation": 0.392045259475708,
        "test": 0.17798703908920288
    },
    "inference_latency": 7.359981536865235e-06,
    "training_duration": 13.192348003387451
}