{
    "RMSE_loss": {
        "train": 207.03472900390625,
        "validation": 186.6393280029297,
        "test": 184.47311401367188
    },
    "R_squared": {
        "train": -1.34181809425354,
        "validation": -1.5997867584228516,
        "test": -1.8030297756195068
    },
    "inference_latency": 6.151199340820313e-06,
    "training_duration": 0.9368393421173096
}