{
    "RMSE_loss": {
        "train": 205.3355255126953,
        "validation": 145.2122039794922,
        "test": 185.28793334960938
    },
    "R_squared": {
        "train": -1.1530044078826904,
        "validation": -2.7678534984588623,
        "test": -1.58477783203125
    },
    "inference_latency": 9.570121765136719e-06,
    "training_duration": 3.4211738109588623
}