{
    "RMSE_loss": {
        "train": 93.7486801147461,
        "validation": 126.60103607177734,
        "test": 99.204833984375
    },
    "R_squared": {
        "train": 0.4254220724105835,
        "validation": 0.4043055772781372,
        "test": 0.2165968418121338
    },
    "inference_latency": 6.508827209472656e-06,
    "training_duration": 1.0688929557800293
}