{
    "RMSE_loss": {
        "train": 205.4325714111328,
        "validation": 185.10720825195312,
        "test": 182.77940368652344
    },
    "R_squared": {
        "train": -1.3057138919830322,
        "validation": -1.5572786331176758,
        "test": -1.7517948150634766
    },
    "inference_latency": 6.079673767089844e-06,
    "training_duration": 1.1371042728424072
}