{
    "RMSE_loss": {
        "train": 100.07762908935547,
        "validation": 89.01052856445312,
        "test": 100.19251251220703
    },
    "R_squared": {
        "train": 0.4579750895500183,
        "validation": 0.12667357921600342,
        "test": 0.35829854011535645
    },
    "inference_latency": 6.830692291259765e-06,
    "training_duration": 1.2127811908721924
}