{
    "RMSE_loss": {
        "train": 165.87925720214844,
        "validation": 172.87338256835938,
        "test": 184.07492065429688
    },
    "R_squared": {
        "train": -0.7797391414642334,
        "validation": -0.8492109775543213,
        "test": -0.49511098861694336
    },
    "inference_latency": 6.37054443359375e-06,
    "training_duration": 1.132807970046997
}