{
    "RMSE_loss": {
        "train": 96.58782196044922,
        "validation": 108.96129608154297,
        "test": 107.64086151123047
    },
    "R_squared": {
        "train": 0.4169747233390808,
        "validation": 0.2248474359512329,
        "test": 0.4491806626319885
    },
    "inference_latency": 7.20977783203125e-06,
    "training_duration": 2.7021892070770264
}