{
    "RMSE_loss": {
        "train": 206.1571807861328,
        "validation": 185.78378295898438,
        "test": 183.5396270751953
    },
    "R_squared": {
        "train": -1.3220083713531494,
        "validation": -1.5760066509246826,
        "test": -1.7747328281402588
    },
    "inference_latency": 5.6695938110351565e-06,
    "training_duration": 1.0003268718719482
}