{
    "RMSE_loss": {
        "train": 162.19544982910156,
        "validation": 114.49073028564453,
        "test": 143.0834197998047
    },
    "R_squared": {
        "train": -0.3433650732040405,
        "validation": -1.342223882675171,
        "test": -0.541372537612915
    },
    "inference_latency": 9.467601776123047e-06,
    "training_duration": 2.1661300659179688
}