{
    "RMSE_loss": {
        "train": 161.870361328125,
        "validation": 203.91236877441406,
        "test": 155.12896728515625
    },
    "R_squared": {
        "train": -0.7030208110809326,
        "validation": -0.6047754287719727,
        "test": -0.8441976308822632
    },
    "inference_latency": 6.122589111328125e-06,
    "training_duration": 1.0892488956451416
}