{
    "Train": {
        "RMSE": 0.055513508125427644,
        "R2": 0.9971560306191822,
        "MSE": 0.0030817495843919207
    },
    "Test": {
        "RMSE": 0.05276594488809662,
        "R2": 0.9968858013887872,
        "MSE": 0.0027842449399336495
    },
    "Validation": {
        "RMSE": 0.08274440063148071,
        "R2": null,
        "MSE": null
    }
}