{
    "train_RMSE": 0.017143156185246002,
    "test_RMSE": 0.11355227679765513,
    "validation_RMSE": 0.12581675070289153,
    "train_R2": 0.9996747496596938,
    "test_R2": 0.9904321821520831,
    "validation_R2": null,
    "train_MSE": 0.0002938878039917383,
    "test_MSE": 0.012894119565931287,
    "validation_MSE": null
}