{
    "train_RMSE": 0.05006174572924929,
    "test_RMSE": 0.01734111219893439,
    "validation_RMSE": 0.10938189588553716,
    "train_R2": 0.9977434476966898,
    "test_R2": 0.9996152810173051,
    "validation_R2": null,
    "train_MSE": 0.0025061783854600094,
    "test_MSE": 0.0003007141722960311,
    "validation_MSE": null
}