{
    "train_RMSE": 2.6253896532021763e-17,
    "test_RMSE": 0.02887154536362325,
    "validation_RMSE": 0.07917793726819931,
    "train_R2": 1.0,
    "test_R2": 0.9985230238923546,
    "validation_R2": null,
    "train_MSE": 6.892670831141043e-34,
    "test_MSE": 0.0008335661316837553,
    "validation_MSE": null
}