{
    "train_RMSE": 0.016794498688311992,
    "test_RMSE": 0.08228115335634807,
    "validation_RMSE": 0.045857915206914276,
    "train_R2": 0.9997114912160104,
    "test_R2": 0.991213126740503,
    "validation_R2": null,
    "train_MSE": 0.0002820551861917133,
    "test_MSE": 0.00677018819765087,
    "validation_MSE": null
}