{
    "train_RMSE": 0.04959130141477791,
    "test_RMSE": 0.03436636014213805,
    "validation_RMSE": 0.08714250335923529,
    "train_R2": 0.9978464181425696,
    "test_R2": 0.9984796759282785,
    "validation_R2": null,
    "train_MSE": 0.0024592971760113535,
    "test_MSE": 0.001181046709419135,
    "validation_MSE": null
}