{
    "Train": {
        "RMSE": 3.073701521092998e-17,
        "R2": 1.0,
        "MSE": 9.447641040769411e-34
    },
    "Test": {
        "RMSE": 0.2445629414396575,
        "R2": 0.9634366333770694,
        "MSE": 0.05981103232561735
    },
    "Validation": {
        "RMSE": 0.10252627213952938,
        "R2": null,
        "MSE": null
    }
}