{
    "train_RMSE": 0.061779543430616986,
    "test_RMSE": 0.01454804310964659,
    "validation_RMSE": 0.09184987155818083,
    "train_R2": 0.9963002022235559,
    "test_R2": 0.999499260174826,
    "validation_R2": null,
    "train_MSE": 0.0038167119864954907,
    "test_MSE": 0.00021164555832013565,
    "validation_MSE": null
}