{
    "train_RMSE": 2.3201987531655188e-17,
    "test_RMSE": 0.038603997089133174,
    "validation_RMSE": 0.11685099573909494,
    "train_R2": 1.0,
    "test_R2": 0.997633755337588,
    "validation_R2": null,
    "train_MSE": 5.383322254190828e-34,
    "test_MSE": 0.0014902685912578028,
    "validation_MSE": null
}