{
    "train_RMSE": 2.3346194635717347e-17,
    "test_RMSE": 0.036324486608754994,
    "validation_RMSE": 0.06291404194674738,
    "train_R2": 1.0,
    "test_R2": 0.9970567731579119,
    "validation_R2": null,
    "train_MSE": 5.450448039687974e-34,
    "test_MSE": 0.0013194683273896207,
    "validation_MSE": null
}