{
    "RMSE_loss": {
        "train": 205.09678649902344,
        "validation": 184.81362915039062,
        "test": 182.45541381835938
    },
    "R_squared": {
        "train": -1.298182725906372,
        "validation": -1.549173355102539,
        "test": -1.7420480251312256
    },
    "inference_latency": 6.017684936523437e-06,
    "training_duration": 1.1374671459197998
}