{
    "RMSE_loss": {
        "train": 170.01580810546875,
        "validation": 211.3915252685547,
        "test": 163.8914337158203
    },
    "R_squared": {
        "train": -0.8787277936935425,
        "validation": -0.7246551513671875,
        "test": -1.0584206581115723
    },
    "inference_latency": 6.268024444580078e-06,
    "training_duration": 1.0788121223449707
}