{
    "RMSE_loss": {
        "train": 184.17466735839844,
        "validation": 179.79579162597656,
        "test": 154.66287231445312
    },
    "R_squared": {
        "train": -0.8733963966369629,
        "validation": -0.9189187288284302,
        "test": -1.4932377338409424
    },
    "inference_latency": 8.96930694580078e-06,
    "training_duration": 1.4777488708496094
}