{
    "RMSE_loss": {
        "train": 102.90958404541016,
        "validation": 128.5249481201172,
        "test": 83.96723175048828
    },
    "R_squared": {
        "train": 0.37841886281967163,
        "validation": 0.22464174032211304,
        "test": 0.2792653441429138
    },
    "inference_latency": 6.2894821166992185e-06,
    "training_duration": 1.1720302104949951
}