{
    "RMSE_loss": {
        "train": 95.40035247802734,
        "validation": 131.62242126464844,
        "test": 84.02047729492188
    },
    "R_squared": {
        "train": 0.40845853090286255,
        "validation": 0.3313683867454529,
        "test": 0.4590066075325012
    },
    "inference_latency": 6.132125854492187e-06,
    "training_duration": 1.1751701831817627
}