{
    "RMSE_loss": {
        "train": 207.21607971191406,
        "validation": 186.82566833496094,
        "test": 184.66073608398438
    },
    "R_squared": {
        "train": -1.3459227085113525,
        "validation": -1.604980230331421,
        "test": -1.80873441696167
    },
    "inference_latency": 6.320476531982422e-06,
    "training_duration": 0.9986681938171387
}