{
    "RMSE_loss": {
        "train": 205.25848388671875,
        "validation": 184.99009704589844,
        "test": 182.54100036621094
    },
    "R_squared": {
        "train": -1.3018078804016113,
        "validation": -1.5540437698364258,
        "test": -1.7446208000183105
    },
    "inference_latency": 6.129741668701172e-06,
    "training_duration": 1.1469578742980957
}