{
    "RMSE_loss": {
        "train": 101.28793334960938,
        "validation": 84.87455749511719,
        "test": 91.49485778808594
    },
    "R_squared": {
        "train": 0.4068925976753235,
        "validation": 0.4723888635635376,
        "test": 0.4898449182510376
    },
    "inference_latency": 6.167888641357422e-06,
    "training_duration": 1.211879014968872
}