{
    "RMSE_loss": {
        "train": 99.92818450927734,
        "validation": 112.04454040527344,
        "test": 95.0578384399414
    },
    "R_squared": {
        "train": 0.4544396996498108,
        "validation": 0.06305772066116333,
        "test": 0.2557181715965271
    },
    "inference_latency": 5.340576171875e-06,
    "training_duration": 0.8716409206390381
}