{
    "RMSE_loss": {
        "train": 164.3551483154297,
        "validation": 204.77774047851562,
        "test": 156.86416625976562
    },
    "R_squared": {
        "train": -0.7557063102722168,
        "validation": -0.6184251308441162,
        "test": -0.8856849670410156
    },
    "inference_latency": 6.139278411865234e-06,
    "training_duration": 1.128938913345337
}