{
    "RMSE_loss": {
        "train": 182.94630432128906,
        "validation": 174.73643493652344,
        "test": 173.0462646484375
    },
    "R_squared": {
        "train": -0.8456846475601196,
        "validation": -1.25303316116333,
        "test": -1.3262648582458496
    },
    "inference_latency": 6.778240203857422e-06,
    "training_duration": 1.1061267852783203
}