{
    "RMSE_loss": {
        "train": 211.39382934570312,
        "validation": 148.22622680664062,
        "test": 190.65447998046875
    },
    "R_squared": {
        "train": -1.2819249629974365,
        "validation": -2.925887107849121,
        "test": -1.7366735935211182
    },
    "inference_latency": 1.3811588287353516e-05,
    "training_duration": 3.8538119792938232
}