{
    "RMSE_loss": {
        "train": 198.2965545654297,
        "validation": 206.14491271972656,
        "test": 207.63893127441406
    },
    "R_squared": {
        "train": -1.5627453327178955,
        "validation": -1.5618679523468018,
        "test": -0.9019821882247925
    },
    "inference_latency": 6.940364837646484e-06,
    "training_duration": 1.5246989727020264
}