{
    "RMSE_loss": {
        "train": 165.8674774169922,
        "validation": 162.72547912597656,
        "test": 139.55824279785156
    },
    "R_squared": {
        "train": -0.5194705724716187,
        "validation": -0.5718411207199097,
        "test": -1.0300300121307373
    },
    "inference_latency": 8.318424224853516e-06,
    "training_duration": 1.3947420120239258
}