{
    "RMSE_loss": {
        "train": 97.45081329345703,
        "validation": 105.88232421875,
        "test": 91.7556381225586
    },
    "R_squared": {
        "train": 0.4811548590660095,
        "validation": 0.16328352689743042,
        "test": 0.30653101205825806
    },
    "inference_latency": 6.051063537597656e-06,
    "training_duration": 1.3364920616149902
}