{
    "RMSE_loss": {
        "train": 97.210205078125,
        "validation": 109.21155548095703,
        "test": 94.08484649658203
    },
    "R_squared": {
        "train": 0.4837138056755066,
        "validation": 0.10983896255493164,
        "test": 0.2708768844604492
    },
    "inference_latency": 5.869865417480469e-06,
    "training_duration": 1.122541904449463
}