{
    "RMSE_loss": {
        "train": 206.12420654296875,
        "validation": 185.69586181640625,
        "test": 183.49635314941406
    },
    "R_squared": {
        "train": -1.3212652206420898,
        "validation": -1.5735690593719482,
        "test": -1.7734253406524658
    },
    "inference_latency": 6.010532379150391e-06,
    "training_duration": 0.9373700618743896
}