{
    "RMSE_loss": {
        "train": 177.7176055908203,
        "validation": 125.4930191040039,
        "test": 158.85411071777344
    },
    "R_squared": {
        "train": -0.6127893924713135,
        "validation": -1.8140177726745605,
        "test": -0.8998788595199585
    },
    "inference_latency": 8.127689361572266e-06,
    "training_duration": 1.4634618759155273
}