{
    "RMSE_loss": {
        "train": 206.23342895507812,
        "validation": 185.8207550048828,
        "test": 183.5965118408203
    },
    "R_squared": {
        "train": -1.323725938796997,
        "validation": -1.5770323276519775,
        "test": -1.7764534950256348
    },
    "inference_latency": 6.268024444580078e-06,
    "training_duration": 1.4035038948059082
}