{
    "RMSE_loss": {
        "train": 106.1327133178711,
        "validation": 113.21991729736328,
        "test": 101.75172424316406
    },
    "R_squared": {
        "train": 0.3845887780189514,
        "validation": 0.04329711198806763,
        "test": 0.14720410108566284
    },
    "inference_latency": 6.012916564941406e-06,
    "training_duration": 0.8662729263305664
}