{
    "RMSE_loss": {
        "train": 98.34671783447266,
        "validation": 117.52429962158203,
        "test": 103.49720001220703
    },
    "R_squared": {
        "train": 0.4273635149002075,
        "validation": 0.31078559160232544,
        "test": 0.1774722933769226
    },
    "training_duration": 7.701995134353638,
    "inference_latency": 1.7178058624267577e-05
}