{
    "RMSE_loss": {
        "train": 175.61923217773438,
        "validation": 158.4239959716797,
        "test": 152.42164611816406
    },
    "R_squared": {
        "train": -0.6850427389144897,
        "validation": -0.8731534481048584,
        "test": -0.9136161804199219
    },
    "inference_latency": 6.029605865478515e-06,
    "training_duration": 1.1795318126678467
}