{
    "RMSE_loss": {
        "train": 202.9420928955078,
        "validation": 195.72854614257812,
        "test": 192.60887145996094
    },
    "R_squared": {
        "train": -1.271195411682129,
        "validation": -1.826890230178833,
        "test": -1.881955862045288
    },
    "inference_latency": 6.058216094970703e-06,
    "training_duration": 1.1646831035614014
}