{
    "RMSE_loss": {
        "train": 191.14080810546875,
        "validation": 201.42498779296875,
        "test": 202.37399291992188
    },
    "R_squared": {
        "train": -1.3811237812042236,
        "validation": -1.4458973407745361,
        "test": -0.806751012802124
    },
    "inference_latency": 1.2118816375732421e-05,
    "training_duration": 1.7139430046081543
}