{
    "RMSE_loss": {
        "train": 142.38803100585938,
        "validation": 98.17225646972656,
        "test": 125.2261734008789
    },
    "R_squared": {
        "train": -0.03529393672943115,
        "validation": -0.7221274375915527,
        "test": -0.18064463138580322
    },
    "inference_latency": 7.791519165039062e-06,
    "training_duration": 2.149104118347168
}