{
    "RMSE_loss": {
        "train": 96.660400390625,
        "validation": 113.93209838867188,
        "test": 93.80126953125
    },
    "R_squared": {
        "train": 0.4895373582839966,
        "validation": 0.031223535537719727,
        "test": 0.2752653956413269
    },
    "inference_latency": 6.148815155029297e-06,
    "training_duration": 1.1644012928009033
}