{
    "RMSE_loss": {
        "train": 100.42585754394531,
        "validation": 109.02300262451172,
        "test": 95.91120147705078
    },
    "R_squared": {
        "train": 0.4489920735359192,
        "validation": 0.11291003227233887,
        "test": 0.24229496717453003
    },
    "inference_latency": 5.879402160644531e-06,
    "training_duration": 0.8764700889587402
}