{
    "RMSE_loss": {
        "train": 112.4913101196289,
        "validation": 128.26324462890625,
        "test": 91.86193084716797
    },
    "R_squared": {
        "train": 0.2572816014289856,
        "validation": 0.22779607772827148,
        "test": 0.13736552000045776
    },
    "inference_latency": 6.3610076904296874e-06,
    "training_duration": 1.1529369354248047
}