{
    "RMSE_loss": {
        "train": 102.71192932128906,
        "validation": 89.19400787353516,
        "test": 95.0530776977539
    },
    "R_squared": {
        "train": 0.3900986313819885,
        "validation": 0.4173198342323303,
        "test": 0.44939368963241577
    },
    "inference_latency": 6.079673767089844e-06,
    "training_duration": 1.1731250286102295
}