{
    "RMSE_loss": {
        "train": 100.557373046875,
        "validation": 110.67145538330078,
        "test": 94.4554214477539
    },
    "R_squared": {
        "train": 0.44754791259765625,
        "validation": 0.08588117361068726,
        "test": 0.2651219367980957
    },
    "inference_latency": 6.051063537597656e-06,
    "training_duration": 1.4088282585144043
}