{
    "RMSE_loss": {
        "train": 102.61273956298828,
        "validation": 129.65505981445312,
        "test": 81.20085906982422
    },
    "R_squared": {
        "train": 0.38199949264526367,
        "validation": 0.2109464406967163,
        "test": 0.3259735107421875
    },
    "inference_latency": 2.8710365295410157e-05,
    "training_duration": 1.2439911365509033
}