{
    "RMSE_loss": {
        "train": 206.146240234375,
        "validation": 185.75802612304688,
        "test": 183.53353881835938
    },
    "R_squared": {
        "train": -1.3217613697052002,
        "validation": -1.5752928256988525,
        "test": -1.7745490074157715
    },
    "inference_latency": 5.719661712646484e-06,
    "training_duration": 0.9482858180999756
}