{
    "RMSE_loss": {
        "train": 102.06758880615234,
        "validation": 119.34191131591797,
        "test": 94.40904998779297
    },
    "R_squared": {
        "train": 0.4308292865753174,
        "validation": -0.06296110153198242,
        "test": 0.2658432722091675
    },
    "inference_latency": 5.869865417480469e-06,
    "training_duration": 1.3017711639404297
}