{
    "RMSE_loss": {
        "train": 195.77342224121094,
        "validation": 204.31394958496094,
        "test": 205.7049102783203
    },
    "R_squared": {
        "train": -1.4979429244995117,
        "validation": -1.516561508178711,
        "test": -0.8667159080505371
    },
    "inference_latency": 1.0519027709960937e-05,
    "training_duration": 1.60304594039917
}