{
    "RMSE_loss": {
        "train": 149.31527709960938,
        "validation": 204.92990112304688,
        "test": 209.0459747314453
    },
    "R_squared": {
        "train": -0.8607596158981323,
        "validation": -0.6017175912857056,
        "test": -0.5645619630813599
    },
    "inference_latency": 7.009506225585937e-06,
    "training_duration": 1.5977020263671875
}